Video ID,Title,Channel Name,Subscribers,Total Videos,Views,Likes
XhW3i2f54BQ,HIT 3 Teaser : Sarkaar's Laathi | Nani | Sailesh Kolanu | Srinidhi Shetty | in Cinemas May 1st,Wall Poster Cinema,169000,236,18325423,386751
W8x6Dwyj0-A,MANIAC (Official Video): YO YO HONEY SINGH | ESHA GUPTA | GLORY | BHUSHAN KUMAR,T-Series,287000000,22774,32107044,1926457
X6D2ybDj0wU,Popatlal ‡§¨‡§®‡§æ School Student | Taarak Mehta Ka Ooltah Chashmah | 24 Feb 2025,Sony PAL,45600000,31209,1478753,12295
QYlI-rIEeJ0,HACKER OR WHAT! | JONATHAN IS BACK¬†|¬†BGMI,JONATHAN GAMING,6810000,472,2675081,218008
dbWfo4NAx8M,I am Not Disappointed¬†at¬†All | #PAKVIND | Shoaib Akhtar,Shoaib Akhtar,3780000,486,2316019,90929
DQnZhK6Y27g,Crazy Secret Room Making Challenges Part-3 | ‡§á‡§∏ ‡§ñ‡§º‡•Å‡§´‡§º‡§ø‡§Ø‡§æ ‡§ò‡§∞ ‡§ï‡•ã ‡§¢‡•Ç‡§Å‡§¢‡§®‡§æ ‡§®‡§æ‡§Æ‡•Å‡§Æ‡§ï‡§ø‡§® ‡§π‡•à?,Crazy XYZ,32800000,1425,5268636,336808
3b_u7tBmka4,West Indies Vs Australia | Full Highlight | International Masters League | Colors Cineplex,Colors Cineplex,1360000,3489,1258443,25119
wt7p_gCTWpY,India Vs Sri Lanka | Full Highlight | International Masters League | Colors Cineplex,Colors Cineplex,1360000,3489,2195075,35681
w4jWdbe7Uag,Alex Pandian - Back-to-Back Comedy Scenes üòÇ | Karthi | Santhanam | Adithya TV,Adithya TV,1430000,8358,515026,5023
Xq9X9s9ACdQ,#Video | ‡§≤‡§π‡§Ç‡§ó‡§µ‡§æ ‡§∞‡§Ç‡§ó‡§¨ | Power Star #Pawan Singh | Lahangwa Rangab | New #Bhojpuri Holi Song 2025,Wave Music,64600000,20570,2314709,127306
XhW3i2f54BQ,HIT 3 Teaser : Sarkaar's Laathi | Nani | Sailesh Kolanu | Srinidhi Shetty | in Cinemas May 1st,Wall Poster Cinema,169000,236,18325423,386794
W8x6Dwyj0-A,MANIAC (Official Video): YO YO HONEY SINGH | ESHA GUPTA | GLORY | BHUSHAN KUMAR,T-Series,287000000,22774,32115387,1926909
X6D2ybDj0wU,Popatlal ‡§¨‡§®‡§æ School Student | Taarak Mehta Ka Ooltah Chashmah | 24 Feb 2025,Sony PAL,45600000,31209,1478766,12301
QYlI-rIEeJ0,HACKER OR WHAT! | JONATHAN IS BACK¬†|¬†BGMI,JONATHAN GAMING,6810000,472,2675113,218021
dbWfo4NAx8M,I am Not Disappointed¬†at¬†All | #PAKVIND | Shoaib Akhtar,Shoaib Akhtar,3780000,486,2316024,90940
DQnZhK6Y27g,Crazy Secret Room Making Challenges Part-3 | ‡§á‡§∏ ‡§ñ‡§º‡•Å‡§´‡§º‡§ø‡§Ø‡§æ ‡§ò‡§∞ ‡§ï‡•ã ‡§¢‡•Ç‡§Å‡§¢‡§®‡§æ ‡§®‡§æ‡§Æ‡•Å‡§Æ‡§ï‡§ø‡§® ‡§π‡•à?,Crazy XYZ,32800000,1425,5268636,336845
3b_u7tBmka4,West Indies Vs Australia | Full Highlight | International Masters League | Colors Cineplex,Colors Cineplex,1360000,3489,1260699,25164
wt7p_gCTWpY,India Vs Sri Lanka | Full Highlight | International Masters League | Colors Cineplex,Colors Cineplex,1360000,3489,2195085,35704
w4jWdbe7Uag,Alex Pandian - Back-to-Back Comedy Scenes üòÇ | Karthi | Santhanam | Adithya TV,Adithya TV,1430000,8358,515843,5024
Xq9X9s9ACdQ,#Video | ‡§≤‡§π‡§Ç‡§ó‡§µ‡§æ ‡§∞‡§Ç‡§ó‡§¨ | Power Star #Pawan Singh | Lahangwa Rangab | New #Bhojpuri Holi Song 2025,Wave Music,64600000,20570,2321581,127324
XhW3i2f54BQ,HIT 3 Teaser : Sarkaar's Laathi | Nani | Sailesh Kolanu | Srinidhi Shetty | in Cinemas May 1st,Wall Poster Cinema,169000,236,18416510,387391
W8x6Dwyj0-A,MANIAC (Official Video): YO YO HONEY SINGH | ESHA GUPTA | GLORY | BHUSHAN KUMAR,T-Series,287000000,22775,32461696,1933996
X6D2ybDj0wU,Popatlal ‡§¨‡§®‡§æ School Student | Taarak Mehta Ka Ooltah Chashmah | 24 Feb 2025,Sony PAL,45600000,31209,1519280,12357
QYlI-rIEeJ0,HACKER OR WHAT! | JONATHAN IS BACK¬†|¬†BGMI,JONATHAN GAMING,6810000,472,2685677,218168
dbWfo4NAx8M,I am Not Disappointed¬†at¬†All | #PAKVIND | Shoaib Akhtar,Shoaib Akhtar,3780000,486,2329215,91084
DQnZhK6Y27g,Crazy Secret Room Making Challenges Part-3 | ‡§á‡§∏ ‡§ñ‡§º‡•Å‡§´‡§º‡§ø‡§Ø‡§æ ‡§ò‡§∞ ‡§ï‡•ã ‡§¢‡•Ç‡§Å‡§¢‡§®‡§æ ‡§®‡§æ‡§Æ‡•Å‡§Æ‡§ï‡§ø‡§® ‡§π‡•à?,Crazy XYZ,32800000,1425,5308232,337268
3b_u7tBmka4,West Indies Vs Australia | Full Highlight | International Masters League | Colors Cineplex,Colors Cineplex,1370000,3490,1389039,25955
wt7p_gCTWpY,India Vs Sri Lanka | Full Highlight | International Masters League | Colors Cineplex,Colors Cineplex,1370000,3490,2269697,36127
w4jWdbe7Uag,Alex Pandian - Back-to-Back Comedy Scenes üòÇ | Karthi | Santhanam | Adithya TV,Adithya TV,1430000,8358,531629,5049
Xq9X9s9ACdQ,#Video | ‡§≤‡§π‡§Ç‡§ó‡§µ‡§æ ‡§∞‡§Ç‡§ó‡§¨ | Power Star #Pawan Singh | Lahangwa Rangab | New #Bhojpuri Holi Song 2025,Wave Music,64600000,20570,2416771,127688
W8x6Dwyj0-A,MANIAC (Official Video): YO YO HONEY SINGH | ESHA GUPTA | GLORY | BHUSHAN KUMAR,T-Series,287000000,22775,32677580,1937980
XhW3i2f54BQ,HIT 3 Teaser : Sarkaar's Laathi | Nani | Sailesh Kolanu | Srinidhi Shetty | in Cinemas May 1st,Wall Poster Cinema,169000,236,18458663,387705
X6D2ybDj0wU,Popatlal ‡§¨‡§®‡§æ School Student | Taarak Mehta Ka Ooltah Chashmah | 24 Feb 2025,Sony PAL,45600000,31209,1533046,12391
QYlI-rIEeJ0,HACKER OR WHAT! | JONATHAN IS BACK¬†|¬†BGMI,JONATHAN GAMING,6810000,472,2692795,218301
dbWfo4NAx8M,I am Not Disappointed¬†at¬†All | #PAKVIND | Shoaib Akhtar,Shoaib Akhtar,3780000,486,2335430,91158
DQnZhK6Y27g,Crazy Secret Room Making Challenges Part-3 | ‡§á‡§∏ ‡§ñ‡§º‡•Å‡§´‡§º‡§ø‡§Ø‡§æ ‡§ò‡§∞ ‡§ï‡•ã ‡§¢‡•Ç‡§Å‡§¢‡§®‡§æ ‡§®‡§æ‡§Æ‡•Å‡§Æ‡§ï‡§ø‡§® ‡§π‡•à?,Crazy XYZ,32800000,1425,5326543,337539
3b_u7tBmka4,West Indies Vs Australia | Full Highlight | International Masters League | Colors Cineplex,Colors Cineplex,1370000,3490,1471005,26468
wt7p_gCTWpY,India Vs Sri Lanka | Full Highlight | International Masters League | Colors Cineplex,Colors Cineplex,1370000,3490,2305450,36394
w4jWdbe7Uag,Alex Pandian - Back-to-Back Comedy Scenes üòÇ | Karthi | Santhanam | Adithya TV,Adithya TV,1430000,8358,538664,5064
Xq9X9s9ACdQ,#Video | ‡§≤‡§π‡§Ç‡§ó‡§µ‡§æ ‡§∞‡§Ç‡§ó‡§¨ | Power Star #Pawan Singh | Lahangwa Rangab | New #Bhojpuri Holi Song 2025,Wave Music,64600000,20570,2467048,127908
W8x6Dwyj0-A,MANIAC (Official Video): YO YO HONEY SINGH | ESHA GUPTA | GLORY | BHUSHAN KUMAR,T-Series,287000000,22775,32816848,1940539
XhW3i2f54BQ,HIT 3 Teaser : Sarkaar's Laathi | Nani | Sailesh Kolanu | Srinidhi Shetty | in Cinemas May 1st,Wall Poster Cinema,169000,236,18486783,387787
X6D2ybDj0wU,Popatlal ‡§¨‡§®‡§æ School Student | Taarak Mehta Ka Ooltah Chashmah | 24 Feb 2025,Sony PAL,45600000,31209,1539990,12406
QYlI-rIEeJ0,HACKER OR WHAT! | JONATHAN IS BACK¬†|¬†BGMI,JONATHAN GAMING,6810000,472,2697640,218360
dbWfo4NAx8M,I am Not Disappointed¬†at¬†All | #PAKVIND | Shoaib Akhtar,Shoaib Akhtar,3780000,486,2339994,91198
DQnZhK6Y27g,Crazy Secret Room Making Challenges Part-3 | ‡§á‡§∏ ‡§ñ‡§º‡•Å‡§´‡§º‡§ø‡§Ø‡§æ ‡§ò‡§∞ ‡§ï‡•ã ‡§¢‡•Ç‡§Å‡§¢‡§®‡§æ ‡§®‡§æ‡§Æ‡•Å‡§Æ‡§ï‡§ø‡§® ‡§π‡•à?,Crazy XYZ,32800000,1425,5335773,337656
3b_u7tBmka4,West Indies Vs Australia | Full Highlight | International Masters League | Colors Cineplex,Colors Cineplex,1370000,3490,1525453,26744
wt7p_gCTWpY,India Vs Sri Lanka | Full Highlight | International Masters League | Colors Cineplex,Colors Cineplex,1370000,3490,2329209,36529
Xq9X9s9ACdQ,#Video | ‡§≤‡§π‡§Ç‡§ó‡§µ‡§æ ‡§∞‡§Ç‡§ó‡§¨ | Power Star #Pawan Singh | Lahangwa Rangab | New #Bhojpuri Holi Song 2025,Wave Music,64600000,20570,2497918,128077
w4jWdbe7Uag,Alex Pandian - Back-to-Back Comedy Scenes üòÇ | Karthi | Santhanam | Adithya TV,Adithya TV,1430000,8358,543446,5076
W8x6Dwyj0-A,MANIAC (Official Video): YO YO HONEY SINGH | ESHA GUPTA | GLORY | BHUSHAN KUMAR,T-Series,287000000,22775,32901741,1943758
XhW3i2f54BQ,HIT 3 Teaser : Sarkaar's Laathi | Nani | Sailesh Kolanu | Srinidhi Shetty | in Cinemas May 1st,Wall Poster Cinema,169000,236,18503795,387948
X6D2ybDj0wU,Popatlal ‡§¨‡§®‡§æ School Student | Taarak Mehta Ka Ooltah Chashmah | 24 Feb 2025,Sony PAL,45600000,31209,1543285,12413
QYlI-rIEeJ0,HACKER OR WHAT! | JONATHAN IS BACK¬†|¬†BGMI,JONATHAN GAMING,6810000,472,2700922,218454
dbWfo4NAx8M,I am Not Disappointed¬†at¬†All | #PAKVIND | Shoaib Akhtar,Shoaib Akhtar,3780000,486,2342962,91665
DQnZhK6Y27g,Crazy Secret Room Making Challenges Part-3 | ‡§á‡§∏ ‡§ñ‡§º‡•Å‡§´‡§º‡§ø‡§Ø‡§æ ‡§ò‡§∞ ‡§ï‡•ã ‡§¢‡•Ç‡§Å‡§¢‡§®‡§æ ‡§®‡§æ‡§Æ‡•Å‡§Æ‡§ï‡§ø‡§® ‡§π‡•à?,Crazy XYZ,32800000,1425,5340811,337975
3b_u7tBmka4,West Indies Vs Australia | Full Highlight | International Masters League | Colors Cineplex,Colors Cineplex,1370000,3490,1562895,26973
wt7p_gCTWpY,India Vs Sri Lanka | Full Highlight | International Masters League | Colors Cineplex,Colors Cineplex,1370000,3490,2342987,36623
Xq9X9s9ACdQ,#Video | ‡§≤‡§π‡§Ç‡§ó‡§µ‡§æ ‡§∞‡§Ç‡§ó‡§¨ | Power Star #Pawan Singh | Lahangwa Rangab | New #Bhojpuri Holi Song 2025,Wave Music,64600000,20570,2519039,128222
w4jWdbe7Uag,Alex Pandian - Back-to-Back Comedy Scenes üòÇ | Karthi | Santhanam | Adithya TV,Adithya TV,1430000,8358,546396,5087
W8x6Dwyj0-A,MANIAC (Official Video): YO YO HONEY SINGH | ESHA GUPTA | GLORY | BHUSHAN KUMAR,T-Series,287000000,22775,32998334,1949405
XhW3i2f54BQ,HIT 3 Teaser : Sarkaar's Laathi | Nani | Sailesh Kolanu | Srinidhi Shetty | in Cinemas May 1st,Wall Poster Cinema,169000,236,18525381,388550
X6D2ybDj0wU,Popatlal ‡§¨‡§®‡§æ School Student | Taarak Mehta Ka Ooltah Chashmah | 24 Feb 2025,Sony PAL,45600000,31209,1546244,12438
QYlI-rIEeJ0,HACKER OR WHAT! | JONATHAN IS BACK¬†|¬†BGMI,JONATHAN GAMING,6810000,472,2704429,218532
dbWfo4NAx8M,I am Not Disappointed¬†at¬†All | #PAKVIND | Shoaib Akhtar,Shoaib Akhtar,3780000,486,2346532,91724
DQnZhK6Y27g,Crazy Secret Room Making Challenges Part-3 | ‡§á‡§∏ ‡§ñ‡§º‡•Å‡§´‡§º‡§ø‡§Ø‡§æ ‡§ò‡§∞ ‡§ï‡•ã ‡§¢‡•Ç‡§Å‡§¢‡§®‡§æ ‡§®‡§æ‡§Æ‡•Å‡§Æ‡§ï‡§ø‡§® ‡§π‡•à?,Crazy XYZ,32800000,1425,5345101,338150
3b_u7tBmka4,West Indies Vs Australia | Full Highlight | International Masters League | Colors Cineplex,Colors Cineplex,1370000,3490,1608072,27424
wt7p_gCTWpY,India Vs Sri Lanka | Full Highlight | International Masters League | Colors Cineplex,Colors Cineplex,1370000,3490,2356363,36838
Xq9X9s9ACdQ,#Video | ‡§≤‡§π‡§Ç‡§ó‡§µ‡§æ ‡§∞‡§Ç‡§ó‡§¨ | Power Star #Pawan Singh | Lahangwa Rangab | New #Bhojpuri Holi Song 2025,Wave Music,64600000,20571,2543125,128942
w4jWdbe7Uag,Alex Pandian - Back-to-Back Comedy Scenes üòÇ | Karthi | Santhanam | Adithya TV,Adithya TV,1430000,8358,550299,5110
W8x6Dwyj0-A,MANIAC (Official Video): YO YO HONEY SINGH | ESHA GUPTA | GLORY | BHUSHAN KUMAR,T-Series,287000000,22775,33066093,1964474
XhW3i2f54BQ,HIT 3 Teaser : Sarkaar's Laathi | Nani | Sailesh Kolanu | Srinidhi Shetty | in Cinemas May 1st,Wall Poster Cinema,169000,236,18543498,390081
X6D2ybDj0wU,Popatlal ‡§¨‡§®‡§æ School Student | Taarak Mehta Ka Ooltah Chashmah | 24 Feb 2025,Sony PAL,45600000,31209,1548841,12559
QYlI-rIEeJ0,HACKER OR WHAT! | JONATHAN IS BACK¬†|¬†BGMI,JONATHAN GAMING,6810000,472,2706363,218663
dbWfo4NAx8M,I am Not Disappointed¬†at¬†All | #PAKVIND | Shoaib Akhtar,Shoaib Akhtar,3780000,486,2348796,91845
DQnZhK6Y27g,Crazy Secret Room Making Challenges Part-3 | ‡§á‡§∏ ‡§ñ‡§º‡•Å‡§´‡§º‡§ø‡§Ø‡§æ ‡§ò‡§∞ ‡§ï‡•ã ‡§¢‡•Ç‡§Å‡§¢‡§®‡§æ ‡§®‡§æ‡§Æ‡•Å‡§Æ‡§ï‡§ø‡§® ‡§π‡•à?,Crazy XYZ,32800000,1425,5349474,338806
3b_u7tBmka4,West Indies Vs Australia | Full Highlight | International Masters League | Colors Cineplex,Colors Cineplex,1370000,3490,1635818,28042
wt7p_gCTWpY,India Vs Sri Lanka | Full Highlight | International Masters League | Colors Cineplex,Colors Cineplex,1370000,3490,2365906,37353
Xq9X9s9ACdQ,#Video | ‡§≤‡§π‡§Ç‡§ó‡§µ‡§æ ‡§∞‡§Ç‡§ó‡§¨ | Power Star #Pawan Singh | Lahangwa Rangab | New #Bhojpuri Holi Song 2025,Wave Music,64600000,20571,2576799,130770
w4jWdbe7Uag,Alex Pandian - Back-to-Back Comedy Scenes üòÇ | Karthi | Santhanam | Adithya TV,Adithya TV,1430000,8359,553599,5161
W8x6Dwyj0-A,MANIAC (Official Video): YO YO HONEY SINGH | ESHA GUPTA | GLORY | BHUSHAN KUMAR,T-Series,287000000,22775,33108887,1971680
XhW3i2f54BQ,HIT 3 Teaser : Sarkaar's Laathi | Nani | Sailesh Kolanu | Srinidhi Shetty | in Cinemas May 1st,Wall Poster Cinema,169000,236,18554837,390817
X6D2ybDj0wU,Popatlal ‡§¨‡§®‡§æ School Student | Taarak Mehta Ka Ooltah Chashmah | 24 Feb 2025,Sony PAL,45600000,31209,1550325,12657
QYlI-rIEeJ0,HACKER OR WHAT! | JONATHAN IS BACK¬†|¬†BGMI,JONATHAN GAMING,6810000,472,2707193,218748
dbWfo4NAx8M,I am Not Disappointed¬†at¬†All | #PAKVIND | Shoaib Akhtar,Shoaib Akhtar,3780000,486,2349641,91921
DQnZhK6Y27g,Crazy Secret Room Making Challenges Part-3 | ‡§á‡§∏ ‡§ñ‡§º‡•Å‡§´‡§º‡§ø‡§Ø‡§æ ‡§ò‡§∞ ‡§ï‡•ã ‡§¢‡•Ç‡§Å‡§¢‡§®‡§æ ‡§®‡§æ‡§Æ‡•Å‡§Æ‡§ï‡§ø‡§® ‡§π‡•à?,Crazy XYZ,32800000,1425,5352505,339168
3b_u7tBmka4,West Indies Vs Australia | Full Highlight | International Masters League | Colors Cineplex,Colors Cineplex,1370000,3490,1645047,28339
wt7p_gCTWpY,India Vs Sri Lanka | Full Highlight | International Masters League | Colors Cineplex,Colors Cineplex,1370000,3490,2372084,37621
Xq9X9s9ACdQ,#Video | ‡§≤‡§π‡§Ç‡§ó‡§µ‡§æ ‡§∞‡§Ç‡§ó‡§¨ | Power Star #Pawan Singh | Lahangwa Rangab | New #Bhojpuri Holi Song 2025,Wave Music,64600000,20571,2604756,131432
w4jWdbe7Uag,Alex Pandian - Back-to-Back Comedy Scenes üòÇ | Karthi | Santhanam | Adithya TV,Adithya TV,1430000,8359,555056,5188
1Sw7modBwsM,"MAD Square - Official Teaser | Narne Nithiin, Sangeeth Shobhan, Ram Nitin | Kalyan Shankar",Sithara Entertainments,832000,612,4418209,189058
W8x6Dwyj0-A,MANIAC (Official Video): YO YO HONEY SINGH | ESHA GUPTA | GLORY | BHUSHAN KUMAR,T-Series,287000000,22775,33280429,1985653
XhW3i2f54BQ,HIT 3 Teaser : Sarkaar's Laathi | Nani | Sailesh Kolanu | Srinidhi Shetty | in Cinemas May 1st,Wall Poster Cinema,169000,236,18584134,392283
X6D2ybDj0wU,Popatlal ‡§¨‡§®‡§æ School Student | Taarak Mehta Ka Ooltah Chashmah | 24 Feb 2025,Sony PAL,45600000,31209,1558374,12914
QYlI-rIEeJ0,HACKER OR WHAT! | JONATHAN IS BACK¬†|¬†BGMI,JONATHAN GAMING,6810000,472,2709530,218919
-CZ5bbrToUc,‡∞®‡∞æ ‡∞µ‡±Ü‡∞Ç‡∞ü‡±ç‡∞∞‡±Å‡∞ï ‡∞ï‡±Ç‡∞°‡∞æ ‡∞™‡±Ä*** | YS Jagan VS Nara Lokesh | CVR News,CVR News Telugu,1030000,148734,356387,3316
dbWfo4NAx8M,I am Not Disappointed¬†at¬†All | #PAKVIND | Shoaib Akhtar,Shoaib Akhtar,3780000,486,2352352,92041
DQnZhK6Y27g,Crazy Secret Room Making Challenges Part-3 | ‡§á‡§∏ ‡§ñ‡§º‡•Å‡§´‡§º‡§ø‡§Ø‡§æ ‡§ò‡§∞ ‡§ï‡•ã ‡§¢‡•Ç‡§Å‡§¢‡§®‡§æ ‡§®‡§æ‡§Æ‡•Å‡§Æ‡§ï‡§ø‡§® ‡§π‡•à?,Crazy XYZ,32800000,1425,5365279,340088
xkyXXfuf1o4,Family sath Road TRIP pe aa gaye üòç,Wanderers Live,3660000,333,1325131,51019
wkwYzkFircI,"‡¥Ö‡¥´‡¥æ‡µª‡µç‡¥±‡µÜ ‡¥™‡¥ø‡¥§‡¥æ‡¥µ‡µç ‡¥ó‡µæ‡¥´‡¥ø‡µΩ; ‡¥®‡¥æ‡¥ü‡µç‡¥ü‡¥ø‡µΩ ‡¥µ‡¥®‡µç‡¥®‡¥ø‡¥ü‡µç‡¥ü‡µç ‡¥è‡¥¥‡µç ‡¥µ‡µº‡¥∑‡¥Ç, ‡¥®‡¥ø‡¥∏‡¥π‡¥æ‡¥Ø‡¥§‡¥Ø‡µã‡¥ü‡µÜ ‡¥±‡¥π‡µÄ‡¥Ç I Venjaramoodu I",Madhyamam,392000,10034,112031,486
1Sw7modBwsM,"MAD Square - Official Teaser | Narne Nithiin, Sangeeth Shobhan, Ram Nitin | Kalyan Shankar",Sithara Entertainments,832000,612,4600758,194911
W8x6Dwyj0-A,MANIAC (Official Video): YO YO HONEY SINGH | ESHA GUPTA | GLORY | BHUSHAN KUMAR,T-Series,287000000,22776,33514965,2000451
XhW3i2f54BQ,HIT 3 Teaser : Sarkaar's Laathi | Nani | Sailesh Kolanu | Srinidhi Shetty | in Cinemas May 1st,Wall Poster Cinema,169000,236,18623630,393807
X6D2ybDj0wU,Popatlal ‡§¨‡§®‡§æ School Student | Taarak Mehta Ka Ooltah Chashmah | 24 Feb 2025,Sony PAL,45600000,31209,1574344,13224
QYlI-rIEeJ0,HACKER OR WHAT! | JONATHAN IS BACK¬†|¬†BGMI,JONATHAN GAMING,6810000,472,2712766,219106
dbWfo4NAx8M,I am Not Disappointed¬†at¬†All | #PAKVIND | Shoaib Akhtar,Shoaib Akhtar,3780000,486,2355817,92151
nfVX4xlQyXE,Good Bad Ugly Teaser Announcement | Ajith Kumar | Trisha | Adhik Ravichandran | Mythri,T-Series Tamil,4850000,3274,981945,87352
DQnZhK6Y27g,Crazy Secret Room Making Challenges Part-3 | ‡§á‡§∏ ‡§ñ‡§º‡•Å‡§´‡§º‡§ø‡§Ø‡§æ ‡§ò‡§∞ ‡§ï‡•ã ‡§¢‡•Ç‡§Å‡§¢‡§®‡§æ ‡§®‡§æ‡§Æ‡•Å‡§Æ‡§ï‡§ø‡§® ‡§π‡•à?,Crazy XYZ,32800000,1425,5384021,341273
xkyXXfuf1o4,Family sath Road TRIP pe aa gaye üòç,Wanderers Live,3670000,333,1350307,52349
Iz_SocjjFU4,India vs England | Full Highlight |  International Masters League | Colors Cineplex,Colors Cineplex,1370000,3490,745867,23637
1Sw7modBwsM,"MAD Square - Official Teaser | Narne Nithiin, Sangeeth Shobhan, Ram Nitin | Kalyan Shankar",Sithara Entertainments,832000,612,4829853,200980
W8x6Dwyj0-A,MANIAC (Official Video): YO YO HONEY SINGH | ESHA GUPTA | GLORY | BHUSHAN KUMAR,T-Series,287000000,22776,33863962,2018012
XhW3i2f54BQ,HIT 3 Teaser : Sarkaar's Laathi | Nani | Sailesh Kolanu | Srinidhi Shetty | in Cinemas May 1st,Wall Poster Cinema,169000,236,18697933,395383
X6D2ybDj0wU,Popatlal ‡§¨‡§®‡§æ School Student | Taarak Mehta Ka Ooltah Chashmah | 24 Feb 2025,Sony PAL,45600000,31209,1617939,13671
QYlI-rIEeJ0,HACKER OR WHAT! | JONATHAN IS BACK¬†|¬†BGMI,JONATHAN GAMING,6810000,472,2720085,219382
nfVX4xlQyXE,Good Bad Ugly Teaser Announcement | Ajith Kumar | Trisha | Adhik Ravichandran | Mythri,T-Series Tamil,4850000,3274,1048159,89781
Iz_SocjjFU4,India vs England | Full Highlight |  International Masters League | Colors Cineplex,Colors Cineplex,1370000,3490,1031186,27954
dbWfo4NAx8M,I am Not Disappointed¬†at¬†All | #PAKVIND | Shoaib Akhtar,Shoaib Akhtar,3780000,486,2361809,92312
DQnZhK6Y27g,Crazy Secret Room Making Challenges Part-3 | ‡§á‡§∏ ‡§ñ‡§º‡•Å‡§´‡§º‡§ø‡§Ø‡§æ ‡§ò‡§∞ ‡§ï‡•ã ‡§¢‡•Ç‡§Å‡§¢‡§®‡§æ ‡§®‡§æ‡§Æ‡•Å‡§Æ‡§ï‡§ø‡§® ‡§π‡•à?,Crazy XYZ,32800000,1425,5418390,343005
xkyXXfuf1o4,Family sath Road TRIP pe aa gaye üòç,Wanderers Live,3670000,333,1400971,54066
1Sw7modBwsM,"MAD Square - Official Teaser | Narne Nithiin, Sangeeth Shobhan, Ram Nitin | Kalyan Shankar",Sithara Entertainments,833000,612,4975775,205301
W8x6Dwyj0-A,MANIAC (Official Video): YO YO HONEY SINGH | ESHA GUPTA | GLORY | BHUSHAN KUMAR,T-Series,287000000,22776,34157597,2030592
XhW3i2f54BQ,HIT 3 Teaser : Sarkaar's Laathi | Nani | Sailesh Kolanu | Srinidhi Shetty | in Cinemas May 1st,Wall Poster Cinema,169000,236,18742030,396594
X6D2ybDj0wU,Popatlal ‡§¨‡§®‡§æ School Student | Taarak Mehta Ka Ooltah Chashmah | 24 Feb 2025,Sony PAL,45600000,31210,1648155,14061
QYlI-rIEeJ0,HACKER OR WHAT! | JONATHAN IS BACK¬†|¬†BGMI,JONATHAN GAMING,6810000,472,2725035,219624
Iz_SocjjFU4,India vs England | Full Highlight |  International Masters League | Colors Cineplex,Colors Cineplex,1380000,3490,1245347,31199
nfVX4xlQyXE,Good Bad Ugly Teaser Announcement | Ajith Kumar | Trisha | Adhik Ravichandran | Mythri,T-Series Tamil,4850000,3274,1081957,91394
dbWfo4NAx8M,I am Not Disappointed¬†at¬†All | #PAKVIND | Shoaib Akhtar,Shoaib Akhtar,3780000,486,2365308,92446
xkyXXfuf1o4,Family sath Road TRIP pe aa gaye üòç,Wanderers Live,3670000,333,1448548,55483
DQnZhK6Y27g,Crazy Secret Room Making Challenges Part-3 | ‡§á‡§∏ ‡§ñ‡§º‡•Å‡§´‡§º‡§ø‡§Ø‡§æ ‡§ò‡§∞ ‡§ï‡•ã ‡§¢‡•Ç‡§Å‡§¢‡§®‡§æ ‡§®‡§æ‡§Æ‡•Å‡§Æ‡§ï‡§ø‡§® ‡§π‡•à?,Crazy XYZ,32800000,1425,5452271,344588
1Sw7modBwsM,"MAD Square - Official Teaser | Narne Nithiin, Sangeeth Shobhan, Ram Nitin | Kalyan Shankar",Sithara Entertainments,833000,612,5223823,210253
W8x6Dwyj0-A,MANIAC (Official Video): YO YO HONEY SINGH | ESHA GUPTA | GLORY | BHUSHAN KUMAR,T-Series,287000000,22776,34538820,2045583
XhW3i2f54BQ,HIT 3 Teaser : Sarkaar's Laathi | Nani | Sailesh Kolanu | Srinidhi Shetty | in Cinemas May 1st,Wall Poster Cinema,169000,236,18798476,397931
X6D2ybDj0wU,Popatlal ‡§¨‡§®‡§æ School Student | Taarak Mehta Ka Ooltah Chashmah | 24 Feb 2025,Sony PAL,45600000,31210,1707400,14589
Iz_SocjjFU4,India vs England | Full Highlight |  International Masters League | Colors Cineplex,Colors Cineplex,1380000,3490,1488632,34510
nfVX4xlQyXE,Good Bad Ugly Teaser Announcement | Ajith Kumar | Trisha | Adhik Ravichandran | Mythri,T-Series Tamil,4850000,3274,1123426,93225
QYlI-rIEeJ0,HACKER OR WHAT! | JONATHAN IS BACK¬†|¬†BGMI,JONATHAN GAMING,6810000,472,2732964,219894
dbWfo4NAx8M,I am Not Disappointed¬†at¬†All | #PAKVIND | Shoaib Akhtar,Shoaib Akhtar,3780000,486,2370787,92661
xkyXXfuf1o4,Family sath Road TRIP pe aa gaye üòç,Wanderers Live,3670000,334,1511399,57198
DQnZhK6Y27g,Crazy Secret Room Making Challenges Part-3 | ‡§á‡§∏ ‡§ñ‡§º‡•Å‡§´‡§º‡§ø‡§Ø‡§æ ‡§ò‡§∞ ‡§ï‡•ã ‡§¢‡•Ç‡§Å‡§¢‡§®‡§æ ‡§®‡§æ‡§Æ‡•Å‡§Æ‡§ï‡§ø‡§® ‡§π‡•à?,Crazy XYZ,32800000,1425,5506974,346838
1Sw7modBwsM,"MAD Square - Official Teaser | Narne Nithiin, Sangeeth Shobhan, Ram Nitin | Kalyan Shankar",Sithara Entertainments,833000,612,5544358,214927
W8x6Dwyj0-A,MANIAC (Official Video): YO YO HONEY SINGH | ESHA GUPTA | GLORY | BHUSHAN KUMAR,T-Series,287000000,22778,34858963,2056962
XhW3i2f54BQ,HIT 3 Teaser : Sarkaar's Laathi | Nani | Sailesh Kolanu | Srinidhi Shetty | in Cinemas May 1st,Wall Poster Cinema,170000,236,18849509,398917
X6D2ybDj0wU,Popatlal ‡§¨‡§®‡§æ School Student | Taarak Mehta Ka Ooltah Chashmah | 24 Feb 2025,Sony PAL,45600000,31210,1774571,14948
Iz_SocjjFU4,India vs England | Full Highlight |  International Masters League | Colors Cineplex,Colors Cineplex,1380000,3490,1701705,36655
nfVX4xlQyXE,Good Bad Ugly Teaser Announcement | Ajith Kumar | Trisha | Adhik Ravichandran | Mythri,T-Series Tamil,4850000,3274,1154342,94501
QYlI-rIEeJ0,HACKER OR WHAT! | JONATHAN IS BACK¬†|¬†BGMI,JONATHAN GAMING,6810000,472,2740486,220096
dbWfo4NAx8M,I am Not Disappointed¬†at¬†All | #PAKVIND | Shoaib Akhtar,Shoaib Akhtar,3780000,486,2376136,92773
xkyXXfuf1o4,Family sath Road TRIP pe aa gaye üòç,Wanderers Live,3670000,334,1571356,58382
DQnZhK6Y27g,Crazy Secret Room Making Challenges Part-3 | ‡§á‡§∏ ‡§ñ‡§º‡•Å‡§´‡§º‡§ø‡§Ø‡§æ ‡§ò‡§∞ ‡§ï‡•ã ‡§¢‡•Ç‡§Å‡§¢‡§®‡§æ ‡§®‡§æ‡§Æ‡•Å‡§Æ‡§ï‡§ø‡§® ‡§π‡•à?,Crazy XYZ,32800000,1425,5564789,348726
1Sw7modBwsM,"MAD Square - Official Teaser | Narne Nithiin, Sangeeth Shobhan, Ram Nitin | Kalyan Shankar",Sithara Entertainments,833000,612,5873458,218836
W8x6Dwyj0-A,MANIAC (Official Video): YO YO HONEY SINGH | ESHA GUPTA | GLORY | BHUSHAN KUMAR,T-Series,287000000,22778,35198827,2068083
XhW3i2f54BQ,HIT 3 Teaser : Sarkaar's Laathi | Nani | Sailesh Kolanu | Srinidhi Shetty | in Cinemas May 1st,Wall Poster Cinema,170000,236,18905177,399877
Iz_SocjjFU4,India vs England | Full Highlight |  International Masters League | Colors Cineplex,Colors Cineplex,1380000,3490,1905903,38248
X6D2ybDj0wU,Popatlal ‡§¨‡§®‡§æ School Student | Taarak Mehta Ka Ooltah Chashmah | 24 Feb 2025,Sony PAL,45600000,31212,1853580,15295
nfVX4xlQyXE,Good Bad Ugly Teaser Announcement | Ajith Kumar | Trisha | Adhik Ravichandran | Mythri,T-Series Tamil,4850000,3274,1186725,95598
QYlI-rIEeJ0,HACKER OR WHAT! | JONATHAN IS BACK¬†|¬†BGMI,JONATHAN GAMING,6810000,472,2749326,220304
xkyXXfuf1o4,Family sath Road TRIP pe aa gaye üòç,Wanderers Live,3670000,334,1636291,59454
dbWfo4NAx8M,I am Not Disappointed¬†at¬†All | #PAKVIND | Shoaib Akhtar,Shoaib Akhtar,3780000,486,2382629,92868
DQnZhK6Y27g,Crazy Secret Room Making Challenges Part-3 | ‡§á‡§∏ ‡§ñ‡§º‡•Å‡§´‡§º‡§ø‡§Ø‡§æ ‡§ò‡§∞ ‡§ï‡•ã ‡§¢‡•Ç‡§Å‡§¢‡§®‡§æ ‡§®‡§æ‡§Æ‡•Å‡§Æ‡§ï‡§ø‡§® ‡§π‡•à?,Crazy XYZ,32800000,1426,5635840,350564
1Sw7modBwsM,"MAD Square - Official Teaser | Narne Nithiin, Sangeeth Shobhan, Ram Nitin | Kalyan Shankar",Sithara Entertainments,833000,612,7124689,221397
W8x6Dwyj0-A,MANIAC (Official Video): YO YO HONEY SINGH | ESHA GUPTA | GLORY | BHUSHAN KUMAR,T-Series,287000000,22778,35504071,2077892
XhW3i2f54BQ,HIT 3 Teaser : Sarkaar's Laathi | Nani | Sailesh Kolanu | Srinidhi Shetty | in Cinemas May 1st,Wall Poster Cinema,170000,236,18951308,400687
Iz_SocjjFU4,India vs England | Full Highlight |  International Masters League | Colors Cineplex,Colors Cineplex,1380000,3490,2064899,39345
X6D2ybDj0wU,Popatlal ‡§¨‡§®‡§æ School Student | Taarak Mehta Ka Ooltah Chashmah | 24 Feb 2025,Sony PAL,45600000,31212,1921268,15557
QYlI-rIEeJ0,HACKER OR WHAT! | JONATHAN IS BACK¬†|¬†BGMI,JONATHAN GAMING,6810000,472,2757346,220435
nfVX4xlQyXE,Good Bad Ugly Teaser Announcement | Ajith Kumar | Trisha | Adhik Ravichandran | Mythri,T-Series Tamil,4850000,3274,1213116,96429
xkyXXfuf1o4,Family sath Road TRIP pe aa gaye üòç,Wanderers Live,3670000,334,1687602,60232
dbWfo4NAx8M,I am Not Disappointed¬†at¬†All | #PAKVIND | Shoaib Akhtar,Shoaib Akhtar,3780000,486,2388019,92968
DQnZhK6Y27g,Crazy Secret Room Making Challenges Part-3 | ‡§á‡§∏ ‡§ñ‡§º‡•Å‡§´‡§º‡§ø‡§Ø‡§æ ‡§ò‡§∞ ‡§ï‡•ã ‡§¢‡•Ç‡§Å‡§¢‡§®‡§æ ‡§®‡§æ‡§Æ‡•Å‡§Æ‡§ï‡§ø‡§® ‡§π‡•à?,Crazy XYZ,32800000,1426,5702986,351747
1Sw7modBwsM,"MAD Square - Official Teaser | Narne Nithiin, Sangeeth Shobhan, Ram Nitin | Kalyan Shankar",Sithara Entertainments,834000,612,8712181,224656
Iz_SocjjFU4,India vs England | Full Highlight |  International Masters League | Colors Cineplex,Colors Cineplex,1380000,3491,2204806,40550
W8x6Dwyj0-A,MANIAC (Official Video): YO YO HONEY SINGH | ESHA GUPTA | GLORY | BHUSHAN KUMAR,T-Series,287000000,22779,35885769,2091423
XhW3i2f54BQ,HIT 3 Teaser : Sarkaar's Laathi | Nani | Sailesh Kolanu | Srinidhi Shetty | in Cinemas May 1st,Wall Poster Cinema,170000,236,19005780,401868
X6D2ybDj0wU,Popatlal ‡§¨‡§®‡§æ School Student | Taarak Mehta Ka Ooltah Chashmah | 24 Feb 2025,Sony PAL,45600000,31213,1983508,15834
QYlI-rIEeJ0,HACKER OR WHAT! | JONATHAN IS BACK¬†|¬†BGMI,JONATHAN GAMING,6810000,472,2765685,220591
xkyXXfuf1o4,Family sath Road TRIP pe aa gaye üòç,Wanderers Live,3670000,334,1744824,61148
nfVX4xlQyXE,Good Bad Ugly Teaser Announcement | Ajith Kumar | Trisha | Adhik Ravichandran | Mythri,T-Series Tamil,4850000,3274,1242844,97829
DQnZhK6Y27g,Crazy Secret Room Making Challenges Part-3 | ‡§á‡§∏ ‡§ñ‡§º‡•Å‡§´‡§º‡§ø‡§Ø‡§æ ‡§ò‡§∞ ‡§ï‡•ã ‡§¢‡•Ç‡§Å‡§¢‡§®‡§æ ‡§®‡§æ‡§Æ‡•Å‡§Æ‡§ï‡§ø‡§® ‡§π‡•à?,Crazy XYZ,32800000,1426,5778380,352950
dbWfo4NAx8M,I am Not Disappointed¬†at¬†All | #PAKVIND | Shoaib Akhtar,Shoaib Akhtar,3780000,486,2393477,93086
1Sw7modBwsM,"MAD Square - Official Teaser | Narne Nithiin, Sangeeth Shobhan, Ram Nitin | Kalyan Shankar",Sithara Entertainments,834000,612,8840676,226435
Iz_SocjjFU4,India vs England | Full Highlight |  International Masters League | Colors Cineplex,Colors Cineplex,1380000,3492,2268121,41236
W8x6Dwyj0-A,MANIAC (Official Video): YO YO HONEY SINGH | ESHA GUPTA | GLORY | BHUSHAN KUMAR,T-Series,287000000,22779,36117636,2100152
XhW3i2f54BQ,HIT 3 Teaser : Sarkaar's Laathi | Nani | Sailesh Kolanu | Srinidhi Shetty | in Cinemas May 1st,Wall Poster Cinema,170000,236,19030374,402676
X6D2ybDj0wU,Popatlal ‡§¨‡§®‡§æ School Student | Taarak Mehta Ka Ooltah Chashmah | 24 Feb 2025,Sony PAL,45600000,31214,2015077,16039
QYlI-rIEeJ0,HACKER OR WHAT! | JONATHAN IS BACK¬†|¬†BGMI,JONATHAN GAMING,6810000,472,2770668,220699
xkyXXfuf1o4,Family sath Road TRIP pe aa gaye üòç,Wanderers Live,3670000,334,1773543,61670
nfVX4xlQyXE,Good Bad Ugly Teaser Announcement | Ajith Kumar | Trisha | Adhik Ravichandran | Mythri,T-Series Tamil,4850000,3274,1255805,98983
DQnZhK6Y27g,Crazy Secret Room Making Challenges Part-3 | ‡§á‡§∏ ‡§ñ‡§º‡•Å‡§´‡§º‡§ø‡§Ø‡§æ ‡§ò‡§∞ ‡§ï‡•ã ‡§¢‡•Ç‡§Å‡§¢‡§®‡§æ ‡§®‡§æ‡§Æ‡•Å‡§Æ‡§ï‡§ø‡§® ‡§π‡•à?,Crazy XYZ,32800000,1426,5810374,353727
dbWfo4NAx8M,I am Not Disappointed¬†at¬†All | #PAKVIND | Shoaib Akhtar,Shoaib Akhtar,3780000,486,2396717,93174
1Sw7modBwsM,"MAD Square - Official Teaser | Narne Nithiin, Sangeeth Shobhan, Ram Nitin | Kalyan Shankar",Sithara Entertainments,834000,613,8969450,228431
Iz_SocjjFU4,India vs England | Full Highlight |  International Masters League | Colors Cineplex,Colors Cineplex,1380000,3492,2329361,41957
W8x6Dwyj0-A,MANIAC (Official Video): YO YO HONEY SINGH | ESHA GUPTA | GLORY | BHUSHAN KUMAR,T-Series,287000000,22779,36402619,2109608
XhW3i2f54BQ,HIT 3 Teaser : Sarkaar's Laathi | Nani | Sailesh Kolanu | Srinidhi Shetty | in Cinemas May 1st,Wall Poster Cinema,170000,236,19063383,403558
X6D2ybDj0wU,Popatlal ‡§¨‡§®‡§æ School Student | Taarak Mehta Ka Ooltah Chashmah | 24 Feb 2025,Sony PAL,45600000,31216,2041743,16313
nfVX4xlQyXE,Good Bad Ugly Teaser Announcement | Ajith Kumar | Trisha | Adhik Ravichandran | Mythri,T-Series Tamil,4850000,3274,1274836,100148
QYlI-rIEeJ0,HACKER OR WHAT! | JONATHAN IS BACK¬†|¬†BGMI,JONATHAN GAMING,6810000,472,2775460,220834
xkyXXfuf1o4,Family sath Road TRIP pe aa gaye üòç,Wanderers Live,3670000,334,1800509,62158
DQnZhK6Y27g,Crazy Secret Room Making Challenges Part-3 | ‡§á‡§∏ ‡§ñ‡§º‡•Å‡§´‡§º‡§ø‡§Ø‡§æ ‡§ò‡§∞ ‡§ï‡•ã ‡§¢‡•Ç‡§Å‡§¢‡§®‡§æ ‡§®‡§æ‡§Æ‡•Å‡§Æ‡§ï‡§ø‡§® ‡§π‡•à?,Crazy XYZ,32800000,1426,5842797,354820
dbWfo4NAx8M,I am Not Disappointed¬†at¬†All | #PAKVIND | Shoaib Akhtar,Shoaib Akhtar,3780000,486,2400141,93269
1Sw7modBwsM,"MAD Square - Official Teaser | Narne Nithiin, Sangeeth Shobhan, Ram Nitin | Kalyan Shankar",Sithara Entertainments,834000,613,9143726,230808
Iz_SocjjFU4,India vs England | Full Highlight |  International Masters League | Colors Cineplex,Colors Cineplex,1380000,3495,2388168,43029
W8x6Dwyj0-A,MANIAC (Official Video): YO YO HONEY SINGH | ESHA GUPTA | GLORY | BHUSHAN KUMAR,T-Series,287000000,22780,36714786,2121440
XhW3i2f54BQ,HIT 3 Teaser : Sarkaar's Laathi | Nani | Sailesh Kolanu | Srinidhi Shetty | in Cinemas May 1st,Wall Poster Cinema,170000,236,19101149,404552
X6D2ybDj0wU,Popatlal ‡§¨‡§®‡§æ School Student | Taarak Mehta Ka Ooltah Chashmah | 24 Feb 2025,Sony PAL,45600000,31216,2073825,16732
QYlI-rIEeJ0,HACKER OR WHAT! | JONATHAN IS BACK¬†|¬†BGMI,JONATHAN GAMING,6810000,472,2780932,221007
nfVX4xlQyXE,Good Bad Ugly Teaser Announcement | Ajith Kumar | Trisha | Adhik Ravichandran | Mythri,T-Series Tamil,4850000,3274,1300274,101369
xkyXXfuf1o4,Family sath Road TRIP pe aa gaye üòç,Wanderers Live,3670000,334,1826078,62769
DQnZhK6Y27g,Crazy Secret Room Making Challenges Part-3 | ‡§á‡§∏ ‡§ñ‡§º‡•Å‡§´‡§º‡§ø‡§Ø‡§æ ‡§ò‡§∞ ‡§ï‡•ã ‡§¢‡•Ç‡§Å‡§¢‡§®‡§æ ‡§®‡§æ‡§Æ‡•Å‡§Æ‡§ï‡§ø‡§® ‡§π‡•à?,Crazy XYZ,32800000,1426,5879249,356490
dbWfo4NAx8M,I am Not Disappointed¬†at¬†All | #PAKVIND | Shoaib Akhtar,Shoaib Akhtar,3780000,487,2404170,93400
1Sw7modBwsM,"MAD Square - Official Teaser | Narne Nithiin, Sangeeth Shobhan, Ram Nitin | Kalyan Shankar",Sithara Entertainments,834000,613,9309240,233362
Iz_SocjjFU4,India vs England | Full Highlight |  International Masters League | Colors Cineplex,Colors Cineplex,1380000,3499,2453084,44250
W8x6Dwyj0-A,MANIAC (Official Video): YO YO HONEY SINGH | ESHA GUPTA | GLORY | BHUSHAN KUMAR,T-Series,287000000,22780,37047349,2133781
XhW3i2f54BQ,HIT 3 Teaser : Sarkaar's Laathi | Nani | Sailesh Kolanu | Srinidhi Shetty | in Cinemas May 1st,Wall Poster Cinema,170000,236,19138319,405709
X6D2ybDj0wU,Popatlal ‡§¨‡§®‡§æ School Student | Taarak Mehta Ka Ooltah Chashmah | 24 Feb 2025,Sony PAL,45600000,31218,2120209,17126
nfVX4xlQyXE,Good Bad Ugly Teaser Announcement | Ajith Kumar | Trisha | Adhik Ravichandran | Mythri,T-Series Tamil,4850000,3274,1324855,102395
QYlI-rIEeJ0,HACKER OR WHAT! | JONATHAN IS BACK¬†|¬†BGMI,JONATHAN GAMING,6810000,472,2786680,221225
xkyXXfuf1o4,Family sath Road TRIP pe aa gaye üòç,Wanderers Live,3670000,334,1851460,63357
06JXQo2ZdXc,Shivaratri Special |‡∞é‡∞Æ‡±Å‡∞≤‡∞æ‡∞° ‡∞ú‡∞æ‡∞§‡∞∞ ‡∞™‡±ã‡∞§‡±á | My Village Show | Gangavva | Raju | Comedy,My Village Show,3110000,420,197543,6846
DQnZhK6Y27g,Crazy Secret Room Making Challenges Part-3 | ‡§á‡§∏ ‡§ñ‡§º‡•Å‡§´‡§º‡§ø‡§Ø‡§æ ‡§ò‡§∞ ‡§ï‡•ã ‡§¢‡•Ç‡§Å‡§¢‡§®‡§æ ‡§®‡§æ‡§Æ‡•Å‡§Æ‡§ï‡§ø‡§® ‡§π‡•à?,Crazy XYZ,32800000,1426,5929381,358196
1Sw7modBwsM,"MAD Square - Official Teaser | Narne Nithiin, Sangeeth Shobhan, Ram Nitin | Kalyan Shankar",Sithara Entertainments,834000,613,9479247,235265
Iz_SocjjFU4,India vs England | Full Highlight |  International Masters League | Colors Cineplex,Colors Cineplex,1380000,3501,2513516,45151
W8x6Dwyj0-A,MANIAC (Official Video): YO YO HONEY SINGH | ESHA GUPTA | GLORY | BHUSHAN KUMAR,T-Series,287000000,22780,37330003,2143453
XhW3i2f54BQ,HIT 3 Teaser : Sarkaar's Laathi | Nani | Sailesh Kolanu | Srinidhi Shetty | in Cinemas May 1st,Wall Poster Cinema,170000,236,19171979,406529
X6D2ybDj0wU,Popatlal ‡§¨‡§®‡§æ School Student | Taarak Mehta Ka Ooltah Chashmah | 24 Feb 2025,Sony PAL,45600000,31219,2179868,17355
nfVX4xlQyXE,Good Bad Ugly Teaser Announcement | Ajith Kumar | Trisha | Adhik Ravichandran | Mythri,T-Series Tamil,4850000,3274,1344385,103161
QYlI-rIEeJ0,HACKER OR WHAT! | JONATHAN IS BACK¬†|¬†BGMI,JONATHAN GAMING,6810000,472,2792672,221378
06JXQo2ZdXc,Shivaratri Special |‡∞é‡∞Æ‡±Å‡∞≤‡∞æ‡∞° ‡∞ú‡∞æ‡∞§‡∞∞ ‡∞™‡±ã‡∞§‡±á | My Village Show | Gangavva | Raju | Comedy,My Village Show,3110000,420,211701,7138
xkyXXfuf1o4,Family sath Road TRIP pe aa gaye üòç,Wanderers Live,3670000,334,1873263,63811
Z0vsD8J-0_4,HIGHLIGHTS | FC BARCELONA 4 vs 4 ATLETICO MADRID | COPA DEL REY 24/25 (WITH COMMENTARY),FC Barcelona,20700000,12930,7215073,128644
1Sw7modBwsM,"MAD Square - Official Teaser | Narne Nithiin, Sangeeth Shobhan, Ram Nitin | Kalyan Shankar",Sithara Entertainments,834000,613,9749793,237037
Iz_SocjjFU4,India vs England | Full Highlight |  International Masters League | Colors Cineplex,Colors Cineplex,1380000,3505,2625726,46464
W8x6Dwyj0-A,MANIAC (Official Video): YO YO HONEY SINGH | ESHA GUPTA | GLORY | BHUSHAN KUMAR,T-Series,287000000,22780,37723329,2154313
XhW3i2f54BQ,HIT 3 Teaser : Sarkaar's Laathi | Nani | Sailesh Kolanu | Srinidhi Shetty | in Cinemas May 1st,Wall Poster Cinema,170000,236,19228824,407445
X6D2ybDj0wU,Popatlal ‡§¨‡§®‡§æ School Student | Taarak Mehta Ka Ooltah Chashmah | 24 Feb 2025,Sony PAL,45600000,31219,2249189,17496
nfVX4xlQyXE,Good Bad Ugly Teaser Announcement | Ajith Kumar | Trisha | Adhik Ravichandran | Mythri,T-Series Tamil,4850000,3274,1371497,103856
QYlI-rIEeJ0,HACKER OR WHAT! | JONATHAN IS BACK¬†|¬†BGMI,JONATHAN GAMING,6810000,472,2801543,221513
06JXQo2ZdXc,Shivaratri Special |‡∞é‡∞Æ‡±Å‡∞≤‡∞æ‡∞° ‡∞ú‡∞æ‡∞§‡∞∞ ‡∞™‡±ã‡∞§‡±á | My Village Show | Gangavva | Raju | Comedy,My Village Show,3110000,420,235932,7370
xkyXXfuf1o4,Family sath Road TRIP pe aa gaye üòç,Wanderers Live,3670000,334,1901751,64163
Z0vsD8J-0_4,HIGHLIGHTS | FC BARCELONA 4 vs 4 ATLETICO MADRID | COPA DEL REY 24/25 (WITH COMMENTARY),FC Barcelona,20700000,12930,7558983,131274
1Sw7modBwsM,"MAD Square - Official Teaser | Narne Nithiin, Sangeeth Shobhan, Ram Nitin | Kalyan Shankar",Sithara Entertainments,834000,613,9970027,237855
Iz_SocjjFU4,India vs England | Full Highlight |  International Masters League | Colors Cineplex,Colors Cineplex,1380000,3506,2696279,47102
W8x6Dwyj0-A,MANIAC (Official Video): YO YO HONEY SINGH | ESHA GUPTA | GLORY | BHUSHAN KUMAR,T-Series,287000000,22780,37970132,2160130
XhW3i2f54BQ,HIT 3 Teaser : Sarkaar's Laathi | Nani | Sailesh Kolanu | Srinidhi Shetty | in Cinemas May 1st,Wall Poster Cinema,170000,236,19265804,407862
X6D2ybDj0wU,Popatlal ‡§¨‡§®‡§æ School Student | Taarak Mehta Ka Ooltah Chashmah | 24 Feb 2025,Sony PAL,45600000,31219,2285836,17550
nfVX4xlQyXE,Good Bad Ugly Teaser Announcement | Ajith Kumar | Trisha | Adhik Ravichandran | Mythri,T-Series Tamil,4850000,3274,1387058,104187
QYlI-rIEeJ0,HACKER OR WHAT! | JONATHAN IS BACK¬†|¬†BGMI,JONATHAN GAMING,6810000,472,2808139,221607
06JXQo2ZdXc,Shivaratri Special |‡∞é‡∞Æ‡±Å‡∞≤‡∞æ‡∞° ‡∞ú‡∞æ‡∞§‡∞∞ ‡∞™‡±ã‡∞§‡±á | My Village Show | Gangavva | Raju | Comedy,My Village Show,3110000,420,250618,7472
xkyXXfuf1o4,Family sath Road TRIP pe aa gaye üòç,Wanderers Live,3670000,334,1919797,64373
Z0vsD8J-0_4,HIGHLIGHTS | FC BARCELONA 4 vs 4 ATLETICO MADRID | COPA DEL REY 24/25 (WITH COMMENTARY),FC Barcelona,20700000,12930,7779536,132903
1Sw7modBwsM,"MAD Square - Official Teaser | Narne Nithiin, Sangeeth Shobhan, Ram Nitin | Kalyan Shankar",Sithara Entertainments,834000,613,10193373,238443
Iz_SocjjFU4,India vs England | Full Highlight |  International Masters League | Colors Cineplex,Colors Cineplex,1390000,3506,2788302,47549
W8x6Dwyj0-A,MANIAC (Official Video): YO YO HONEY SINGH | ESHA GUPTA | GLORY | BHUSHAN KUMAR,T-Series,287000000,22781,38223249,2164995
XhW3i2f54BQ,HIT 3 Teaser : Sarkaar's Laathi | Nani | Sailesh Kolanu | Srinidhi Shetty | in Cinemas May 1st,Wall Poster Cinema,170000,236,19305903,408158
X6D2ybDj0wU,Popatlal ‡§¨‡§®‡§æ School Student | Taarak Mehta Ka Ooltah Chashmah | 24 Feb 2025,Sony PAL,45600000,31219,2309903,17588
QYlI-rIEeJ0,HACKER OR WHAT! | JONATHAN IS BACK¬†|¬†BGMI,JONATHAN GAMING,6810000,472,2814807,221677
nfVX4xlQyXE,Good Bad Ugly Teaser Announcement | Ajith Kumar | Trisha | Adhik Ravichandran | Mythri,T-Series Tamil,4850000,3274,1402778,104404
06JXQo2ZdXc,Shivaratri Special |‡∞é‡∞Æ‡±Å‡∞≤‡∞æ‡∞° ‡∞ú‡∞æ‡∞§‡∞∞ ‡∞™‡±ã‡∞§‡±á | My Village Show | Gangavva | Raju | Comedy,My Village Show,3110000,420,260800,7519
4-GCdC-JV4E,Mangli Shivaratri Song 2025 | Full Song | Charan Arjun | Indravathi Chouhan,Mangli Official,3250000,106,1280690,28114
Z0vsD8J-0_4,HIGHLIGHTS | FC BARCELONA 4 vs 4 ATLETICO MADRID | COPA DEL REY 24/25 (WITH COMMENTARY),FC Barcelona,20700000,12930,8011801,134480
1Sw7modBwsM,"MAD Square - Official Teaser | Narne Nithiin, Sangeeth Shobhan, Ram Nitin | Kalyan Shankar",Sithara Entertainments,834000,613,10311202,238752
Iz_SocjjFU4,India vs England | Full Highlight |  International Masters League | Colors Cineplex,Colors Cineplex,1390000,3506,2846995,47738
W8x6Dwyj0-A,MANIAC (Official Video): YO YO HONEY SINGH | ESHA GUPTA | GLORY | BHUSHAN KUMAR,T-Series,287000000,22781,38393225,2167501
XhW3i2f54BQ,HIT 3 Teaser : Sarkaar's Laathi | Nani | Sailesh Kolanu | Srinidhi Shetty | in Cinemas May 1st,Wall Poster Cinema,170000,236,19327566,408317
X6D2ybDj0wU,Popatlal ‡§¨‡§®‡§æ School Student | Taarak Mehta Ka Ooltah Chashmah | 24 Feb 2025,Sony PAL,45600000,31219,2319949,17601
QYlI-rIEeJ0,HACKER OR WHAT! | JONATHAN IS BACK¬†|¬†BGMI,JONATHAN GAMING,6810000,472,2818619,221721
06JXQo2ZdXc,Shivaratri Special |‡∞é‡∞Æ‡±Å‡∞≤‡∞æ‡∞° ‡∞ú‡∞æ‡∞§‡∞∞ ‡∞™‡±ã‡∞§‡±á | My Village Show | Gangavva | Raju | Comedy,My Village Show,3110000,420,265157,7546
nfVX4xlQyXE,Good Bad Ugly Teaser Announcement | Ajith Kumar | Trisha | Adhik Ravichandran | Mythri,T-Series Tamil,4850000,3274,1411111,104529
4-GCdC-JV4E,Mangli Shivaratri Song 2025 | Full Song | Charan Arjun | Indravathi Chouhan,Mangli Official,3250000,106,1297481,28201
Z0vsD8J-0_4,HIGHLIGHTS | FC BARCELONA 4 vs 4 ATLETICO MADRID | COPA DEL REY 24/25 (WITH COMMENTARY),FC Barcelona,20700000,12932,8208213,135517
1Sw7modBwsM,"MAD Square - Official Teaser | Narne Nithiin, Sangeeth Shobhan, Ram Nitin | Kalyan Shankar",Sithara Entertainments,834000,613,10362036,238949
Iz_SocjjFU4,India vs England | Full Highlight |  International Masters League | Colors Cineplex,Colors Cineplex,1390000,3506,2879261,47853
W8x6Dwyj0-A,MANIAC (Official Video): YO YO HONEY SINGH | ESHA GUPTA | GLORY | BHUSHAN KUMAR,T-Series,287000000,22781,38500690,2169054
XhW3i2f54BQ,HIT 3 Teaser : Sarkaar's Laathi | Nani | Sailesh Kolanu | Srinidhi Shetty | in Cinemas May 1st,Wall Poster Cinema,170000,236,19341322,408404
X6D2ybDj0wU,Popatlal ‡§¨‡§®‡§æ School Student | Taarak Mehta Ka Ooltah Chashmah | 24 Feb 2025,Sony PAL,45600000,31219,2324957,17609
QYlI-rIEeJ0,HACKER OR WHAT! | JONATHAN IS BACK¬†|¬†BGMI,JONATHAN GAMING,6810000,472,2821404,221739
06JXQo2ZdXc,Shivaratri Special |‡∞é‡∞Æ‡±Å‡∞≤‡∞æ‡∞° ‡∞ú‡∞æ‡∞§‡∞∞ ‡∞™‡±ã‡∞§‡±á | My Village Show | Gangavva | Raju | Comedy,My Village Show,3110000,420,267505,7564
4-GCdC-JV4E,Mangli Shivaratri Song 2025 | Full Song | Charan Arjun | Indravathi Chouhan,Mangli Official,3250000,106,1307347,28274
nfVX4xlQyXE,Good Bad Ugly Teaser Announcement | Ajith Kumar | Trisha | Adhik Ravichandran | Mythri,T-Series Tamil,4850000,3274,1416133,104612
Z0vsD8J-0_4,HIGHLIGHTS | FC BARCELONA 4 vs 4 ATLETICO MADRID | COPA DEL REY 24/25 (WITH COMMENTARY),FC Barcelona,20700000,12932,8360079,136365
1Sw7modBwsM,"MAD Square - Official Teaser | Narne Nithiin, Sangeeth Shobhan, Ram Nitin | Kalyan Shankar",Sithara Entertainments,834000,613,10392271,239088
Iz_SocjjFU4,India vs England | Full Highlight |  International Masters League | Colors Cineplex,Colors Cineplex,1390000,3507,2896532,47927
W8x6Dwyj0-A,MANIAC (Official Video): YO YO HONEY SINGH | ESHA GUPTA | GLORY | BHUSHAN KUMAR,T-Series,287000000,22781,38572527,2170098
XhW3i2f54BQ,HIT 3 Teaser : Sarkaar's Laathi | Nani | Sailesh Kolanu | Srinidhi Shetty | in Cinemas May 1st,Wall Poster Cinema,170000,236,19351035,408460
X6D2ybDj0wU,Popatlal ‡§¨‡§®‡§æ School Student | Taarak Mehta Ka Ooltah Chashmah | 24 Feb 2025,Sony PAL,45600000,31219,2327313,17614
QYlI-rIEeJ0,HACKER OR WHAT! | JONATHAN IS BACK¬†|¬†BGMI,JONATHAN GAMING,6810000,472,2823326,221756
06JXQo2ZdXc,Shivaratri Special |‡∞é‡∞Æ‡±Å‡∞≤‡∞æ‡∞° ‡∞ú‡∞æ‡∞§‡∞∞ ‡∞™‡±ã‡∞§‡±á | My Village Show | Gangavva | Raju | Comedy,My Village Show,3110000,420,269106,7575
4-GCdC-JV4E,Mangli Shivaratri Song 2025 | Full Song | Charan Arjun | Indravathi Chouhan,Mangli Official,3250000,106,1314615,28329
Z0vsD8J-0_4,HIGHLIGHTS | FC BARCELONA 4 vs 4 ATLETICO MADRID | COPA DEL REY 24/25 (WITH COMMENTARY),FC Barcelona,20700000,12932,8486917,137188
DQnZhK6Y27g,Crazy Secret Room Making Challenges Part-3 | ‡§á‡§∏ ‡§ñ‡§º‡•Å‡§´‡§º‡§ø‡§Ø‡§æ ‡§ò‡§∞ ‡§ï‡•ã ‡§¢‡•Ç‡§Å‡§¢‡§®‡§æ ‡§®‡§æ‡§Æ‡•Å‡§Æ‡§ï‡§ø‡§® ‡§π‡•à?,Crazy XYZ,32800000,1426,6135799,361508
1Sw7modBwsM,"MAD Square - Official Teaser | Narne Nithiin, Sangeeth Shobhan, Ram Nitin | Kalyan Shankar",Sithara Entertainments,834000,613,10450719,239565
Iz_SocjjFU4,India vs England | Full Highlight |  International Masters League | Colors Cineplex,Colors Cineplex,1390000,3507,2910390,48098
W8x6Dwyj0-A,MANIAC (Official Video): YO YO HONEY SINGH | ESHA GUPTA | GLORY | BHUSHAN KUMAR,T-Series,287000000,22781,38645313,2173505
XhW3i2f54BQ,HIT 3 Teaser : Sarkaar's Laathi | Nani | Sailesh Kolanu | Srinidhi Shetty | in Cinemas May 1st,Wall Poster Cinema,170000,236,19361057,408612
X6D2ybDj0wU,Popatlal ‡§¨‡§®‡§æ School Student | Taarak Mehta Ka Ooltah Chashmah | 24 Feb 2025,Sony PAL,45600000,31219,2329171,17623
QYlI-rIEeJ0,HACKER OR WHAT! | JONATHAN IS BACK¬†|¬†BGMI,JONATHAN GAMING,6810000,472,2825287,221768
06JXQo2ZdXc,Shivaratri Special |‡∞é‡∞Æ‡±Å‡∞≤‡∞æ‡∞° ‡∞ú‡∞æ‡∞§‡∞∞ ‡∞™‡±ã‡∞§‡±á | My Village Show | Gangavva | Raju | Comedy,My Village Show,3110000,420,270871,7607
4-GCdC-JV4E,Mangli Shivaratri Song 2025 | Full Song | Charan Arjun | Indravathi Chouhan,Mangli Official,3250000,106,1324605,28529
Z0vsD8J-0_4,HIGHLIGHTS | FC BARCELONA 4 vs 4 ATLETICO MADRID | COPA DEL REY 24/25 (WITH COMMENTARY),FC Barcelona,20700000,12932,8679014,138323
DQnZhK6Y27g,Crazy Secret Room Making Challenges Part-3 | ‡§á‡§∏ ‡§ñ‡§º‡•Å‡§´‡§º‡§ø‡§Ø‡§æ ‡§ò‡§∞ ‡§ï‡•ã ‡§¢‡•Ç‡§Å‡§¢‡§®‡§æ ‡§®‡§æ‡§Æ‡•Å‡§Æ‡§ï‡§ø‡§® ‡§π‡•à?,Crazy XYZ,32800000,1426,6138451,361606
1Sw7modBwsM,"MAD Square - Official Teaser | Narne Nithiin, Sangeeth Shobhan, Ram Nitin | Kalyan Shankar",Sithara Entertainments,834000,613,10531836,241179
Iz_SocjjFU4,India vs England | Full Highlight |  International Masters League | Colors Cineplex,Colors Cineplex,1390000,3507,2922290,48551
W8x6Dwyj0-A,MANIAC (Official Video): YO YO HONEY SINGH | ESHA GUPTA | GLORY | BHUSHAN KUMAR,T-Series,287000000,22781,38693708,2182722
XhW3i2f54BQ,HIT 3 Teaser : Sarkaar's Laathi | Nani | Sailesh Kolanu | Srinidhi Shetty | in Cinemas May 1st,Wall Poster Cinema,170000,236,19331395,409045
X6D2ybDj0wU,Popatlal ‡§¨‡§®‡§æ School Student | Taarak Mehta Ka Ooltah Chashmah | 24 Feb 2025,Sony PAL,45600000,31219,2331216,17711
QYlI-rIEeJ0,HACKER OR WHAT! | JONATHAN IS BACK¬†|¬†BGMI,JONATHAN GAMING,6810000,472,2826564,221802
06JXQo2ZdXc,Shivaratri Special |‡∞é‡∞Æ‡±Å‡∞≤‡∞æ‡∞° ‡∞ú‡∞æ‡∞§‡∞∞ ‡∞™‡±ã‡∞§‡±á | My Village Show | Gangavva | Raju | Comedy,My Village Show,3110000,420,272862,7693
4-GCdC-JV4E,Mangli Shivaratri Song 2025 | Full Song | Charan Arjun | Indravathi Chouhan,Mangli Official,3250000,106,1339354,28900
Z0vsD8J-0_4,HIGHLIGHTS | FC BARCELONA 4 vs 4 ATLETICO MADRID | COPA DEL REY 24/25 (WITH COMMENTARY),FC Barcelona,20700000,12932,8793364,139136
DQnZhK6Y27g,Crazy Secret Room Making Challenges Part-3 | ‡§á‡§∏ ‡§ñ‡§º‡•Å‡§´‡§º‡§ø‡§Ø‡§æ ‡§ò‡§∞ ‡§ï‡•ã ‡§¢‡•Ç‡§Å‡§¢‡§®‡§æ ‡§®‡§æ‡§Æ‡•Å‡§Æ‡§ï‡§ø‡§® ‡§π‡•à?,Crazy XYZ,32800000,1426,6142905,361979
1Sw7modBwsM,"MAD Square - Official Teaser | Narne Nithiin, Sangeeth Shobhan, Ram Nitin | Kalyan Shankar",Sithara Entertainments,834000,613,10551237,241892
Iz_SocjjFU4,India vs England | Full Highlight |  International Masters League | Colors Cineplex,Colors Cineplex,1390000,3507,2926235,48802
W8x6Dwyj0-A,MANIAC (Official Video): YO YO HONEY SINGH | ESHA GUPTA | GLORY | BHUSHAN KUMAR,T-Series,287000000,22781,38718985,2187222
XhW3i2f54BQ,HIT 3 Teaser : Sarkaar's Laathi | Nani | Sailesh Kolanu | Srinidhi Shetty | in Cinemas May 1st,Wall Poster Cinema,170000,236,19334154,409279
X6D2ybDj0wU,Popatlal ‡§¨‡§®‡§æ School Student | Taarak Mehta Ka Ooltah Chashmah | 24 Feb 2025,Sony PAL,45600000,31219,2332596,17756
QYlI-rIEeJ0,HACKER OR WHAT! | JONATHAN IS BACK¬†|¬†BGMI,JONATHAN GAMING,6810000,472,2827029,221842
06JXQo2ZdXc,Shivaratri Special |‡∞é‡∞Æ‡±Å‡∞≤‡∞æ‡∞° ‡∞ú‡∞æ‡∞§‡∞∞ ‡∞™‡±ã‡∞§‡±á | My Village Show | Gangavva | Raju | Comedy,My Village Show,3110000,420,273698,7751
4-GCdC-JV4E,Mangli Shivaratri Song 2025 | Full Song | Charan Arjun | Indravathi Chouhan,Mangli Official,3250000,106,1343913,29055
Z0vsD8J-0_4,HIGHLIGHTS | FC BARCELONA 4 vs 4 ATLETICO MADRID | COPA DEL REY 24/25 (WITH COMMENTARY),FC Barcelona,20700000,12932,8824110,139403
DQnZhK6Y27g,Crazy Secret Room Making Challenges Part-3 | ‡§á‡§∏ ‡§ñ‡§º‡•Å‡§´‡§º‡§ø‡§Ø‡§æ ‡§ò‡§∞ ‡§ï‡•ã ‡§¢‡•Ç‡§Å‡§¢‡§®‡§æ ‡§®‡§æ‡§Æ‡•Å‡§Æ‡§ï‡§ø‡§® ‡§π‡•à?,Crazy XYZ,32800000,1426,6144764,362169
FbvqIi6xzW8,"TVK Vijay Full Speech | 'Why Bro?, It's very Wrong Bro'  | ‡Æµ‡Æø‡Æú‡ÆØ‡Øç  ‡Æ™‡Øá‡Æö‡Øç‡Æö‡ØÅ | ‡Æ§‡ÆÆ‡Æø‡Æ¥‡Æï ‡Æµ‡ØÜ‡Æ±‡Øç‡Æ±‡Æø‡Æï‡Øç ‡Æï‡Æ¥‡Æï‡ÆÆ‡Øç",Vikatan TV,3440000,14468,435351,16483
1Sw7modBwsM,"MAD Square - Official Teaser | Narne Nithiin, Sangeeth Shobhan, Ram Nitin | Kalyan Shankar",Sithara Entertainments,835000,613,10607564,243104
Iz_SocjjFU4,India vs England | Full Highlight |  International Masters League | Colors Cineplex,Colors Cineplex,1390000,3507,2947014,49256
W8x6Dwyj0-A,MANIAC (Official Video): YO YO HONEY SINGH | ESHA GUPTA | GLORY | BHUSHAN KUMAR,T-Series,287000000,22781,38876238,2195940
XhW3i2f54BQ,HIT 3 Teaser : Sarkaar's Laathi | Nani | Sailesh Kolanu | Srinidhi Shetty | in Cinemas May 1st,Wall Poster Cinema,170000,236,19346331,409705
X6D2ybDj0wU,Popatlal ‡§¨‡§®‡§æ School Student | Taarak Mehta Ka Ooltah Chashmah | 24 Feb 2025,Sony PAL,45600000,31219,2339305,17884
KFR1HPPJQgU,Best Friends Forever | Comedy | Dreamz Unlimited,Dreamz Unlimited,1060000,346,203079,26670
GOiT1lxmEdI,‡∞∂‡∞ø‡∞µ‡∞∞‡∞æ‡∞§‡±ç‡∞∞‡∞ø ‡∞™‡∞æ‡∞ü 2025...‡∞®‡∞≤‡±ç‡∞≤‡∞ó‡±ä‡∞Ç‡∞° ‡∞ó‡∞¶‡±ç‡∞¶‡∞∞‡±ç ..NEW SONG / RAVI KALYAN // MATLA THIRUPATHI // NALGONDA GADDAR,Nalgonda Gaddar Narsanna Official,583000,25,251431,12548
QYlI-rIEeJ0,HACKER OR WHAT! | JONATHAN IS BACK¬†|¬†BGMI,JONATHAN GAMING,6810000,472,2828484,221921
06JXQo2ZdXc,Shivaratri Special |‡∞é‡∞Æ‡±Å‡∞≤‡∞æ‡∞° ‡∞ú‡∞æ‡∞§‡∞∞ ‡∞™‡±ã‡∞§‡±á | My Village Show | Gangavva | Raju | Comedy,My Village Show,3110000,420,277129,7846
1Sw7modBwsM,"MAD Square - Official Teaser | Narne Nithiin, Sangeeth Shobhan, Ram Nitin | Kalyan Shankar",Sithara Entertainments,835000,613,10668549,244301
Iz_SocjjFU4,India vs England | Full Highlight |  International Masters League | Colors Cineplex,Colors Cineplex,1390000,3508,2970350,49783
W8x6Dwyj0-A,MANIAC (Official Video): YO YO HONEY SINGH | ESHA GUPTA | GLORY | BHUSHAN KUMAR,T-Series,287000000,22781,39044406,2205599
XhW3i2f54BQ,HIT 3 Teaser : Sarkaar's Laathi | Nani | Sailesh Kolanu | Srinidhi Shetty | in Cinemas May 1st,Wall Poster Cinema,170000,236,19359461,410112
X6D2ybDj0wU,Popatlal ‡§¨‡§®‡§æ School Student | Taarak Mehta Ka Ooltah Chashmah | 24 Feb 2025,Sony PAL,45600000,31219,2348867,18064
KFR1HPPJQgU,Best Friends Forever | Comedy | Dreamz Unlimited,Dreamz Unlimited,1060000,346,209682,27511
GOiT1lxmEdI,‡∞∂‡∞ø‡∞µ‡∞∞‡∞æ‡∞§‡±ç‡∞∞‡∞ø ‡∞™‡∞æ‡∞ü 2025...‡∞®‡∞≤‡±ç‡∞≤‡∞ó‡±ä‡∞Ç‡∞° ‡∞ó‡∞¶‡±ç‡∞¶‡∞∞‡±ç ..NEW SONG / RAVI KALYAN // MATLA THIRUPATHI // NALGONDA GADDAR,Nalgonda Gaddar Narsanna Official,583000,25,262374,12917
06JXQo2ZdXc,Shivaratri Special |‡∞é‡∞Æ‡±Å‡∞≤‡∞æ‡∞° ‡∞ú‡∞æ‡∞§‡∞∞ ‡∞™‡±ã‡∞§‡±á | My Village Show | Gangavva | Raju | Comedy,My Village Show,3110000,419,281021,7970
QYlI-rIEeJ0,HACKER OR WHAT! | JONATHAN IS BACK¬†|¬†BGMI,JONATHAN GAMING,6810000,472,2830138,222030
4-GCdC-JV4E,Mangli Shivaratri Song 2025 | Full Song | Charan Arjun | Indravathi Chouhan,Mangli Official,3250000,106,1387144,29499
1Sw7modBwsM,"MAD Square - Official Teaser | Narne Nithiin, Sangeeth Shobhan, Ram Nitin | Kalyan Shankar",Sithara Entertainments,835000,613,10763819,245566
Iz_SocjjFU4,India vs England | Full Highlight |  International Masters League | Colors Cineplex,Colors Cineplex,1390000,3508,3012007,50361
W8x6Dwyj0-A,MANIAC (Official Video): YO YO HONEY SINGH | ESHA GUPTA | GLORY | BHUSHAN KUMAR,T-Series,287000000,22781,39315599,2216640
XhW3i2f54BQ,HIT 3 Teaser : Sarkaar's Laathi | Nani | Sailesh Kolanu | Srinidhi Shetty | in Cinemas May 1st,Wall Poster Cinema,171000,236,19381929,410569
X6D2ybDj0wU,Popatlal ‡§¨‡§®‡§æ School Student | Taarak Mehta Ka Ooltah Chashmah | 24 Feb 2025,Sony PAL,45600000,31219,2371955,18257
KFR1HPPJQgU,Best Friends Forever | Comedy | Dreamz Unlimited,Dreamz Unlimited,1060000,346,219056,28378
GOiT1lxmEdI,‡∞∂‡∞ø‡∞µ‡∞∞‡∞æ‡∞§‡±ç‡∞∞‡∞ø ‡∞™‡∞æ‡∞ü 2025...‡∞®‡∞≤‡±ç‡∞≤‡∞ó‡±ä‡∞Ç‡∞° ‡∞ó‡∞¶‡±ç‡∞¶‡∞∞‡±ç ..NEW SONG / RAVI KALYAN // MATLA THIRUPATHI // NALGONDA GADDAR,Nalgonda Gaddar Narsanna Official,583000,25,273816,13248
06JXQo2ZdXc,Shivaratri Special |‡∞é‡∞Æ‡±Å‡∞≤‡∞æ‡∞° ‡∞ú‡∞æ‡∞§‡∞∞ ‡∞™‡±ã‡∞§‡±á | My Village Show | Gangavva | Raju | Comedy,My Village Show,3110000,419,289244,8123
4-GCdC-JV4E,Mangli Shivaratri Song 2025 | Full Song | Charan Arjun | Indravathi Chouhan,Mangli Official,3250000,106,1415075,29707
QYlI-rIEeJ0,HACKER OR WHAT! | JONATHAN IS BACK¬†|¬†BGMI,JONATHAN GAMING,6810000,472,2833583,222131
1Sw7modBwsM,"MAD Square - Official Teaser | Narne Nithiin, Sangeeth Shobhan, Ram Nitin | Kalyan Shankar",Sithara Entertainments,835000,613,10840037,246569
Iz_SocjjFU4,India vs England | Full Highlight |  International Masters League | Colors Cineplex,Colors Cineplex,1390000,3508,3052640,50808
W8x6Dwyj0-A,MANIAC (Official Video): YO YO HONEY SINGH | ESHA GUPTA | GLORY | BHUSHAN KUMAR,T-Series,287000000,22781,39586329,2224757
XhW3i2f54BQ,HIT 3 Teaser : Sarkaar's Laathi | Nani | Sailesh Kolanu | Srinidhi Shetty | in Cinemas May 1st,Wall Poster Cinema,171000,236,19399020,410952
X6D2ybDj0wU,Popatlal ‡§¨‡§®‡§æ School Student | Taarak Mehta Ka Ooltah Chashmah | 24 Feb 2025,Sony PAL,45600000,31220,2392284,18433
KFR1HPPJQgU,Best Friends Forever | Comedy | Dreamz Unlimited,Dreamz Unlimited,1060000,346,227583,29010
GOiT1lxmEdI,‡∞∂‡∞ø‡∞µ‡∞∞‡∞æ‡∞§‡±ç‡∞∞‡∞ø ‡∞™‡∞æ‡∞ü 2025...‡∞®‡∞≤‡±ç‡∞≤‡∞ó‡±ä‡∞Ç‡∞° ‡∞ó‡∞¶‡±ç‡∞¶‡∞∞‡±ç ..NEW SONG / RAVI KALYAN // MATLA THIRUPATHI // NALGONDA GADDAR,Nalgonda Gaddar Narsanna Official,583000,25,283319,13435
06JXQo2ZdXc,Shivaratri Special |‡∞é‡∞Æ‡±Å‡∞≤‡∞æ‡∞° ‡∞ú‡∞æ‡∞§‡∞∞ ‡∞™‡±ã‡∞§‡±á | My Village Show | Gangavva | Raju | Comedy,My Village Show,3110000,419,295386,8246
4-GCdC-JV4E,Mangli Shivaratri Song 2025 | Full Song | Charan Arjun | Indravathi Chouhan,Mangli Official,3250000,106,1433103,29834
QYlI-rIEeJ0,HACKER OR WHAT! | JONATHAN IS BACK¬†|¬†BGMI,JONATHAN GAMING,6810000,472,2836847,222229
uuRNi-eC080,"MahaShivRatri 2025 ‚Äì Livestream with Sadhguru | 26 Feb, 6 PM - 27 Feb, 6 AM IST",Sadhguru,12300000,4040,5657644,123385
1Sw7modBwsM,"MAD Square - Official Teaser | Narne Nithiin, Sangeeth Shobhan, Ram Nitin | Kalyan Shankar",Sithara Entertainments,835000,613,10930351,248055
Iz_SocjjFU4,India vs England | Full Highlight |  International Masters League | Colors Cineplex,Colors Cineplex,1390000,3508,3103399,51351
W8x6Dwyj0-A,MANIAC (Official Video): YO YO HONEY SINGH | ESHA GUPTA | GLORY | BHUSHAN KUMAR,T-Series,287000000,22782,39937037,2235005
XhW3i2f54BQ,HIT 3 Teaser : Sarkaar's Laathi | Nani | Sailesh Kolanu | Srinidhi Shetty | in Cinemas May 1st,Wall Poster Cinema,171000,236,19423796,411461
X6D2ybDj0wU,Popatlal ‡§¨‡§®‡§æ School Student | Taarak Mehta Ka Ooltah Chashmah | 24 Feb 2025,Sony PAL,45600000,31220,2425298,18676
KFR1HPPJQgU,Best Friends Forever | Comedy | Dreamz Unlimited,Dreamz Unlimited,1060000,346,238863,29728
GOiT1lxmEdI,‡∞∂‡∞ø‡∞µ‡∞∞‡∞æ‡∞§‡±ç‡∞∞‡∞ø ‡∞™‡∞æ‡∞ü 2025...‡∞®‡∞≤‡±ç‡∞≤‡∞ó‡±ä‡∞Ç‡∞° ‡∞ó‡∞¶‡±ç‡∞¶‡∞∞‡±ç ..NEW SONG / RAVI KALYAN // MATLA THIRUPATHI // NALGONDA GADDAR,Nalgonda Gaddar Narsanna Official,583000,25,294385,13654
06JXQo2ZdXc,Shivaratri Special |‡∞é‡∞Æ‡±Å‡∞≤‡∞æ‡∞° ‡∞ú‡∞æ‡∞§‡∞∞ ‡∞™‡±ã‡∞§‡±á | My Village Show | Gangavva | Raju | Comedy,My Village Show,3110000,419,304667,8421
4-GCdC-JV4E,Mangli Shivaratri Song 2025 | Full Song | Charan Arjun | Indravathi Chouhan,Mangli Official,3250000,106,1455881,29970
uuRNi-eC080,"MahaShivRatri 2025 ‚Äì Livestream with Sadhguru | 26 Feb, 6 PM - 27 Feb, 6 AM IST",Sadhguru,12300000,4040,5679781,123921
1Sw7modBwsM,"MAD Square - Official Teaser | Narne Nithiin, Sangeeth Shobhan, Ram Nitin | Kalyan Shankar",Sithara Entertainments,835000,613,10995909,249246
Iz_SocjjFU4,India vs England | Full Highlight |  International Masters League | Colors Cineplex,Colors Cineplex,1390000,3508,3131104,51826
W8x6Dwyj0-A,MANIAC (Official Video): YO YO HONEY SINGH | ESHA GUPTA | GLORY | BHUSHAN KUMAR,T-Series,287000000,22783,40132755,2243997
XhW3i2f54BQ,HIT 3 Teaser : Sarkaar's Laathi | Nani | Sailesh Kolanu | Srinidhi Shetty | in Cinemas May 1st,Wall Poster Cinema,171000,236,19440597,411897
X6D2ybDj0wU,Popatlal ‡§¨‡§®‡§æ School Student | Taarak Mehta Ka Ooltah Chashmah | 24 Feb 2025,Sony PAL,45600000,31220,2446423,18870
KFR1HPPJQgU,Best Friends Forever | Comedy | Dreamz Unlimited,Dreamz Unlimited,1060000,346,245599,30325
GOiT1lxmEdI,‡∞∂‡∞ø‡∞µ‡∞∞‡∞æ‡∞§‡±ç‡∞∞‡∞ø ‡∞™‡∞æ‡∞ü 2025...‡∞®‡∞≤‡±ç‡∞≤‡∞ó‡±ä‡∞Ç‡∞° ‡∞ó‡∞¶‡±ç‡∞¶‡∞∞‡±ç ..NEW SONG / RAVI KALYAN // MATLA THIRUPATHI // NALGONDA GADDAR,Nalgonda Gaddar Narsanna Official,583000,25,299590,13779
06JXQo2ZdXc,Shivaratri Special |‡∞é‡∞Æ‡±Å‡∞≤‡∞æ‡∞° ‡∞ú‡∞æ‡∞§‡∞∞ ‡∞™‡±ã‡∞§‡±á | My Village Show | Gangavva | Raju | Comedy,My Village Show,3110000,419,311133,8552
4-GCdC-JV4E,Mangli Shivaratri Song 2025 | Full Song | Charan Arjun | Indravathi Chouhan,Mangli Official,3250000,106,1467297,30084
uuRNi-eC080,"MahaShivRatri 2025 ‚Äì Livestream with Sadhguru | 26 Feb, 6 PM - 27 Feb, 6 AM IST",Sadhguru,12300000,4040,5705775,124384
1Sw7modBwsM,"MAD Square - Official Teaser | Narne Nithiin, Sangeeth Shobhan, Ram Nitin | Kalyan Shankar",Sithara Entertainments,835000,613,11068785,250271
Iz_SocjjFU4,India vs England | Full Highlight |  International Masters League | Colors Cineplex,Colors Cineplex,1390000,3508,3171379,52164
W8x6Dwyj0-A,MANIAC (Official Video): YO YO HONEY SINGH | ESHA GUPTA | GLORY | BHUSHAN KUMAR,T-Series,287000000,22783,40414793,2252595
XhW3i2f54BQ,HIT 3 Teaser : Sarkaar's Laathi | Nani | Sailesh Kolanu | Srinidhi Shetty | in Cinemas May 1st,Wall Poster Cinema,171000,236,19464731,412273
X6D2ybDj0wU,Popatlal ‡§¨‡§®‡§æ School Student | Taarak Mehta Ka Ooltah Chashmah | 24 Feb 2025,Sony PAL,45600000,31222,2484138,19034
KFR1HPPJQgU,Best Friends Forever | Comedy | Dreamz Unlimited,Dreamz Unlimited,1060000,346,255323,30876
GOiT1lxmEdI,‡∞∂‡∞ø‡∞µ‡∞∞‡∞æ‡∞§‡±ç‡∞∞‡∞ø ‡∞™‡∞æ‡∞ü 2025...‡∞®‡∞≤‡±ç‡∞≤‡∞ó‡±ä‡∞Ç‡∞° ‡∞ó‡∞¶‡±ç‡∞¶‡∞∞‡±ç ..NEW SONG / RAVI KALYAN // MATLA THIRUPATHI // NALGONDA GADDAR,Nalgonda Gaddar Narsanna Official,583000,25,306611,13914
06JXQo2ZdXc,Shivaratri Special |‡∞é‡∞Æ‡±Å‡∞≤‡∞æ‡∞° ‡∞ú‡∞æ‡∞§‡∞∞ ‡∞™‡±ã‡∞§‡±á | My Village Show | Gangavva | Raju | Comedy,My Village Show,3110000,419,319521,8670
4-GCdC-JV4E,Mangli Shivaratri Song 2025 | Full Song | Charan Arjun | Indravathi Chouhan,Mangli Official,3250000,106,1482058,30197
uuRNi-eC080,"MahaShivRatri 2025 ‚Äì Livestream with Sadhguru | 26 Feb, 6 PM - 27 Feb, 6 AM IST",Sadhguru,12300000,4040,5745525,124776
Iz_SocjjFU4,India vs England | Full Highlight |  International Masters League | Colors Cineplex,Colors Cineplex,1390000,3509,3210739,52473
1Sw7modBwsM,"MAD Square - Official Teaser | Narne Nithiin, Sangeeth Shobhan, Ram Nitin | Kalyan Shankar",Sithara Entertainments,835000,613,11142202,251130
W8x6Dwyj0-A,MANIAC (Official Video): YO YO HONEY SINGH | ESHA GUPTA | GLORY | BHUSHAN KUMAR,T-Series,287000000,22783,40693501,2260713
XhW3i2f54BQ,HIT 3 Teaser : Sarkaar's Laathi | Nani | Sailesh Kolanu | Srinidhi Shetty | in Cinemas May 1st,Wall Poster Cinema,171000,236,19487903,412558
X6D2ybDj0wU,Popatlal ‡§¨‡§®‡§æ School Student | Taarak Mehta Ka Ooltah Chashmah | 24 Feb 2025,Sony PAL,45600000,31222,2519394,19157
KFR1HPPJQgU,Best Friends Forever | Comedy | Dreamz Unlimited,Dreamz Unlimited,1060000,346,263962,31308
GOiT1lxmEdI,‡∞∂‡∞ø‡∞µ‡∞∞‡∞æ‡∞§‡±ç‡∞∞‡∞ø ‡∞™‡∞æ‡∞ü 2025...‡∞®‡∞≤‡±ç‡∞≤‡∞ó‡±ä‡∞Ç‡∞° ‡∞ó‡∞¶‡±ç‡∞¶‡∞∞‡±ç ..NEW SONG / RAVI KALYAN // MATLA THIRUPATHI // NALGONDA GADDAR,Nalgonda Gaddar Narsanna Official,583000,25,312781,14031
06JXQo2ZdXc,Shivaratri Special |‡∞é‡∞Æ‡±Å‡∞≤‡∞æ‡∞° ‡∞ú‡∞æ‡∞§‡∞∞ ‡∞™‡±ã‡∞§‡±á | My Village Show | Gangavva | Raju | Comedy,My Village Show,3110000,419,328306,8755
4-GCdC-JV4E,Mangli Shivaratri Song 2025 | Full Song | Charan Arjun | Indravathi Chouhan,Mangli Official,3250000,106,1496771,30293
uuRNi-eC080,"MahaShivRatri 2025 ‚Äì Livestream with Sadhguru | 26 Feb, 6 PM - 27 Feb, 6 AM IST",Sadhguru,12300000,4041,5785937,125265
Iz_SocjjFU4,India vs England | Full Highlight |  International Masters League | Colors Cineplex,Colors Cineplex,1390000,3509,3250522,52877
1Sw7modBwsM,"MAD Square - Official Teaser | Narne Nithiin, Sangeeth Shobhan, Ram Nitin | Kalyan Shankar",Sithara Entertainments,835000,613,11274530,252361
W8x6Dwyj0-A,MANIAC (Official Video): YO YO HONEY SINGH | ESHA GUPTA | GLORY | BHUSHAN KUMAR,T-Series,287000000,22785,41051582,2271741
XhW3i2f54BQ,HIT 3 Teaser : Sarkaar's Laathi | Nani | Sailesh Kolanu | Srinidhi Shetty | in Cinemas May 1st,Wall Poster Cinema,171000,236,19516095,413039
X6D2ybDj0wU,Popatlal ‡§¨‡§®‡§æ School Student | Taarak Mehta Ka Ooltah Chashmah | 24 Feb 2025,Sony PAL,45600000,31223,2554869,19313
KFR1HPPJQgU,Best Friends Forever | Comedy | Dreamz Unlimited,Dreamz Unlimited,1060000,346,273709,31965
GOiT1lxmEdI,‡∞∂‡∞ø‡∞µ‡∞∞‡∞æ‡∞§‡±ç‡∞∞‡∞ø ‡∞™‡∞æ‡∞ü 2025...‡∞®‡∞≤‡±ç‡∞≤‡∞ó‡±ä‡∞Ç‡∞° ‡∞ó‡∞¶‡±ç‡∞¶‡∞∞‡±ç ..NEW SONG / RAVI KALYAN // MATLA THIRUPATHI // NALGONDA GADDAR,Nalgonda Gaddar Narsanna Official,583000,25,320349,14213
gjNAjAOURU8,‡¥Ü‡¥ü‡¥ø‡¥™‡µç‡¥™‡¥æ‡¥ü‡¥ø ‡¥Æ‡¥π‡¥æ‡¥≤‡¥ï‡µç‡¥∑‡µç‡¥Æ‡¥ø‡¥Ø‡µÅ‡¥Ç ‡¥ï‡¥∞‡µÅ‡¥£‡¥Ø‡µÅ‡¥Ç!,Flowers TV,2340000,11308,108985,849
06JXQo2ZdXc,Shivaratri Special |‡∞é‡∞Æ‡±Å‡∞≤‡∞æ‡∞° ‡∞ú‡∞æ‡∞§‡∞∞ ‡∞™‡±ã‡∞§‡±á | My Village Show | Gangavva | Raju | Comedy,My Village Show,3110000,419,337170,8854
uuRNi-eC080,"MahaShivRatri 2025 ‚Äì Livestream with Sadhguru | 26 Feb, 6 PM - 27 Feb, 6 AM IST",Sadhguru,12300000,4041,5803322,125628
Iz_SocjjFU4,India vs England | Full Highlight |  International Masters League | Colors Cineplex,Colors Cineplex,1390000,3509,3268720,53137
1Sw7modBwsM,"MAD Square - Official Teaser | Narne Nithiin, Sangeeth Shobhan, Ram Nitin | Kalyan Shankar",Sithara Entertainments,835000,613,11329006,253188
W8x6Dwyj0-A,MANIAC (Official Video): YO YO HONEY SINGH | ESHA GUPTA | GLORY | BHUSHAN KUMAR,T-Series,287000000,22786,41232910,2279301
XhW3i2f54BQ,HIT 3 Teaser : Sarkaar's Laathi | Nani | Sailesh Kolanu | Srinidhi Shetty | in Cinemas May 1st,Wall Poster Cinema,171000,236,19528328,413384
X6D2ybDj0wU,Popatlal ‡§¨‡§®‡§æ School Student | Taarak Mehta Ka Ooltah Chashmah | 24 Feb 2025,Sony PAL,45600000,31224,2570674,19392
KFR1HPPJQgU,Best Friends Forever | Comedy | Dreamz Unlimited,Dreamz Unlimited,1060000,346,278574,32412
gjNAjAOURU8,‡¥Ü‡¥ü‡¥ø‡¥™‡µç‡¥™‡¥æ‡¥ü‡¥ø ‡¥Æ‡¥π‡¥æ‡¥≤‡¥ï‡µç‡¥∑‡µç‡¥Æ‡¥ø‡¥Ø‡µÅ‡¥Ç ‡¥ï‡¥∞‡µÅ‡¥£‡¥Ø‡µÅ‡¥Ç!,Flowers TV,2340000,11308,117602,867
GOiT1lxmEdI,‡∞∂‡∞ø‡∞µ‡∞∞‡∞æ‡∞§‡±ç‡∞∞‡∞ø ‡∞™‡∞æ‡∞ü 2025...‡∞®‡∞≤‡±ç‡∞≤‡∞ó‡±ä‡∞Ç‡∞° ‡∞ó‡∞¶‡±ç‡∞¶‡∞∞‡±ç ..NEW SONG / RAVI KALYAN // MATLA THIRUPATHI // NALGONDA GADDAR,Nalgonda Gaddar Narsanna Official,583000,25,323860,14318
06JXQo2ZdXc,Shivaratri Special |‡∞é‡∞Æ‡±Å‡∞≤‡∞æ‡∞° ‡∞ú‡∞æ‡∞§‡∞∞ ‡∞™‡±ã‡∞§‡±á | My Village Show | Gangavva | Raju | Comedy,My Village Show,3110000,419,340780,8904
uuRNi-eC080,"MahaShivRatri 2025 ‚Äì Livestream with Sadhguru | 26 Feb, 6 PM - 27 Feb, 6 AM IST",Sadhguru,12400000,4041,5826333,125987
Iz_SocjjFU4,India vs England | Full Highlight |  International Masters League | Colors Cineplex,Colors Cineplex,1390000,3509,3292719,53434
1Sw7modBwsM,"MAD Square - Official Teaser | Narne Nithiin, Sangeeth Shobhan, Ram Nitin | Kalyan Shankar",Sithara Entertainments,835000,613,11384705,254070
W8x6Dwyj0-A,MANIAC (Official Video): YO YO HONEY SINGH | ESHA GUPTA | GLORY | BHUSHAN KUMAR,T-Series,287000000,22787,41493964,2287164
XhW3i2f54BQ,HIT 3 Teaser : Sarkaar's Laathi | Nani | Sailesh Kolanu | Srinidhi Shetty | in Cinemas May 1st,Wall Poster Cinema,171000,236,19546225,413763
X6D2ybDj0wU,Popatlal ‡§¨‡§®‡§æ School Student | Taarak Mehta Ka Ooltah Chashmah | 24 Feb 2025,Sony PAL,45600000,31226,2587286,19555
KFR1HPPJQgU,Best Friends Forever | Comedy | Dreamz Unlimited,Dreamz Unlimited,1060000,346,284613,32847
GOiT1lxmEdI,‡∞∂‡∞ø‡∞µ‡∞∞‡∞æ‡∞§‡±ç‡∞∞‡∞ø ‡∞™‡∞æ‡∞ü 2025...‡∞®‡∞≤‡±ç‡∞≤‡∞ó‡±ä‡∞Ç‡∞° ‡∞ó‡∞¶‡±ç‡∞¶‡∞∞‡±ç ..NEW SONG / RAVI KALYAN // MATLA THIRUPATHI // NALGONDA GADDAR,Nalgonda Gaddar Narsanna Official,583000,25,328562,14414
gjNAjAOURU8,‡¥Ü‡¥ü‡¥ø‡¥™‡µç‡¥™‡¥æ‡¥ü‡¥ø ‡¥Æ‡¥π‡¥æ‡¥≤‡¥ï‡µç‡¥∑‡µç‡¥Æ‡¥ø‡¥Ø‡µÅ‡¥Ç ‡¥ï‡¥∞‡µÅ‡¥£‡¥Ø‡µÅ‡¥Ç!,Flowers TV,2340000,11309,124459,875
06JXQo2ZdXc,Shivaratri Special |‡∞é‡∞Æ‡±Å‡∞≤‡∞æ‡∞° ‡∞ú‡∞æ‡∞§‡∞∞ ‡∞™‡±ã‡∞§‡±á | My Village Show | Gangavva | Raju | Comedy,My Village Show,3110000,419,345108,8955
uuRNi-eC080,"MahaShivRatri 2025 ‚Äì Livestream with Sadhguru | 26 Feb, 6 PM - 27 Feb, 6 AM IST",Sadhguru,12400000,4041,5850784,126430
Iz_SocjjFU4,India vs England | Full Highlight |  International Masters League | Colors Cineplex,Colors Cineplex,1390000,3512,3315428,53863
1Sw7modBwsM,"MAD Square - Official Teaser | Narne Nithiin, Sangeeth Shobhan, Ram Nitin | Kalyan Shankar",Sithara Entertainments,835000,613,11451937,255193
W8x6Dwyj0-A,MANIAC (Official Video): YO YO HONEY SINGH | ESHA GUPTA | GLORY | BHUSHAN KUMAR,T-Series,287000000,22787,41759439,2296913
XhW3i2f54BQ,HIT 3 Teaser : Sarkaar's Laathi | Nani | Sailesh Kolanu | Srinidhi Shetty | in Cinemas May 1st,Wall Poster Cinema,171000,236,19566574,414238
X6D2ybDj0wU,Popatlal ‡§¨‡§®‡§æ School Student | Taarak Mehta Ka Ooltah Chashmah | 24 Feb 2025,Sony PAL,45600000,31226,2605376,19773
KFR1HPPJQgU,Best Friends Forever | Comedy | Dreamz Unlimited,Dreamz Unlimited,1060000,346,292179,33414
gjNAjAOURU8,‡¥Ü‡¥ü‡¥ø‡¥™‡µç‡¥™‡¥æ‡¥ü‡¥ø ‡¥Æ‡¥π‡¥æ‡¥≤‡¥ï‡µç‡¥∑‡µç‡¥Æ‡¥ø‡¥Ø‡µÅ‡¥Ç ‡¥ï‡¥∞‡µÅ‡¥£‡¥Ø‡µÅ‡¥Ç!,Flowers TV,2340000,11311,128669,897
GOiT1lxmEdI,‡∞∂‡∞ø‡∞µ‡∞∞‡∞æ‡∞§‡±ç‡∞∞‡∞ø ‡∞™‡∞æ‡∞ü 2025...‡∞®‡∞≤‡±ç‡∞≤‡∞ó‡±ä‡∞Ç‡∞° ‡∞ó‡∞¶‡±ç‡∞¶‡∞∞‡±ç ..NEW SONG / RAVI KALYAN // MATLA THIRUPATHI // NALGONDA GADDAR,Nalgonda Gaddar Narsanna Official,583000,25,333251,14547
HxjDgR8itZM,BLESSED | Gaurav Kapoor | Stand Up Comedy,Gaurav Kapoor,1490000,181,736219,66944
uuRNi-eC080,"MahaShivRatri 2025 ‚Äì Livestream with Sadhguru | 26 Feb, 6 PM - 27 Feb, 6 AM IST",Sadhguru,12400000,4041,5875567,126868
Iz_SocjjFU4,India vs England | Full Highlight |  International Masters League | Colors Cineplex,Colors Cineplex,1390000,3515,3342163,54353
1Sw7modBwsM,"MAD Square - Official Teaser | Narne Nithiin, Sangeeth Shobhan, Ram Nitin | Kalyan Shankar",Sithara Entertainments,835000,613,11499365,256363
W8x6Dwyj0-A,MANIAC (Official Video): YO YO HONEY SINGH | ESHA GUPTA | GLORY | BHUSHAN KUMAR,T-Series,287000000,22787,42028503,2306907
XhW3i2f54BQ,HIT 3 Teaser : Sarkaar's Laathi | Nani | Sailesh Kolanu | Srinidhi Shetty | in Cinemas May 1st,Wall Poster Cinema,171000,236,19585542,414762
X6D2ybDj0wU,Popatlal ‡§¨‡§®‡§æ School Student | Taarak Mehta Ka Ooltah Chashmah | 24 Feb 2025,Sony PAL,45600000,31228,2629903,20015
KFR1HPPJQgU,Best Friends Forever | Comedy | Dreamz Unlimited,Dreamz Unlimited,1060000,346,299533,34023
gjNAjAOURU8,‡¥Ü‡¥ü‡¥ø‡¥™‡µç‡¥™‡¥æ‡¥ü‡¥ø ‡¥Æ‡¥π‡¥æ‡¥≤‡¥ï‡µç‡¥∑‡µç‡¥Æ‡¥ø‡¥Ø‡µÅ‡¥Ç ‡¥ï‡¥∞‡µÅ‡¥£‡¥Ø‡µÅ‡¥Ç!,Flowers TV,2340000,11312,131966,917
GOiT1lxmEdI,‡∞∂‡∞ø‡∞µ‡∞∞‡∞æ‡∞§‡±ç‡∞∞‡∞ø ‡∞™‡∞æ‡∞ü 2025...‡∞®‡∞≤‡±ç‡∞≤‡∞ó‡±ä‡∞Ç‡∞° ‡∞ó‡∞¶‡±ç‡∞¶‡∞∞‡±ç ..NEW SONG / RAVI KALYAN // MATLA THIRUPATHI // NALGONDA GADDAR,Nalgonda Gaddar Narsanna Official,583000,25,337179,14727
HxjDgR8itZM,BLESSED | Gaurav Kapoor | Stand Up Comedy,Gaurav Kapoor,1490000,181,818969,73499
uuRNi-eC080,"MahaShivRatri 2025 ‚Äì Livestream with Sadhguru | 26 Feb, 6 PM - 27 Feb, 6 AM IST",Sadhguru,12400000,4042,5894719,127251
Iz_SocjjFU4,India vs England | Full Highlight |  International Masters League | Colors Cineplex,Colors Cineplex,1390000,3517,3368600,54901
1Sw7modBwsM,"MAD Square - Official Teaser | Narne Nithiin, Sangeeth Shobhan, Ram Nitin | Kalyan Shankar",Sithara Entertainments,835000,613,11525125,257197
W8x6Dwyj0-A,MANIAC (Official Video): YO YO HONEY SINGH | ESHA GUPTA | GLORY | BHUSHAN KUMAR,T-Series,287000000,22787,42265335,2315386
XhW3i2f54BQ,HIT 3 Teaser : Sarkaar's Laathi | Nani | Sailesh Kolanu | Srinidhi Shetty | in Cinemas May 1st,Wall Poster Cinema,171000,236,19605339,415221
X6D2ybDj0wU,Popatlal ‡§¨‡§®‡§æ School Student | Taarak Mehta Ka Ooltah Chashmah | 24 Feb 2025,Sony PAL,45600000,31231,2659727,20161
KFR1HPPJQgU,Best Friends Forever | Comedy | Dreamz Unlimited,Dreamz Unlimited,1060000,346,306891,34405
gjNAjAOURU8,‡¥Ü‡¥ü‡¥ø‡¥™‡µç‡¥™‡¥æ‡¥ü‡¥ø ‡¥Æ‡¥π‡¥æ‡¥≤‡¥ï‡µç‡¥∑‡µç‡¥Æ‡¥ø‡¥Ø‡µÅ‡¥Ç ‡¥ï‡¥∞‡µÅ‡¥£‡¥Ø‡µÅ‡¥Ç!,Flowers TV,2340000,11312,135391,932
HxjDgR8itZM,BLESSED | Gaurav Kapoor | Stand Up Comedy,Gaurav Kapoor,1490000,181,894188,79686
GOiT1lxmEdI,‡∞∂‡∞ø‡∞µ‡∞∞‡∞æ‡∞§‡±ç‡∞∞‡∞ø ‡∞™‡∞æ‡∞ü 2025...‡∞®‡∞≤‡±ç‡∞≤‡∞ó‡±ä‡∞Ç‡∞° ‡∞ó‡∞¶‡±ç‡∞¶‡∞∞‡±ç ..NEW SONG / RAVI KALYAN // MATLA THIRUPATHI // NALGONDA GADDAR,Nalgonda Gaddar Narsanna Official,583000,25,340519,14863
uuRNi-eC080,"MahaShivRatri 2025 ‚Äì Livestream with Sadhguru | 26 Feb, 6 PM - 27 Feb, 6 AM IST",Sadhguru,12400000,4042,5931011,127623
Iz_SocjjFU4,India vs England | Full Highlight |  International Masters League | Colors Cineplex,Colors Cineplex,1400000,3517,3424958,55480
1Sw7modBwsM,"MAD Square - Official Teaser | Narne Nithiin, Sangeeth Shobhan, Ram Nitin | Kalyan Shankar",Sithara Entertainments,835000,613,11571132,257970
W8x6Dwyj0-A,MANIAC (Official Video): YO YO HONEY SINGH | ESHA GUPTA | GLORY | BHUSHAN KUMAR,T-Series,287000000,22787,42643417,2324797
HxjDgR8itZM,BLESSED | Gaurav Kapoor | Stand Up Comedy,Gaurav Kapoor,1490000,181,1033652,87660
XhW3i2f54BQ,HIT 3 Teaser : Sarkaar's Laathi | Nani | Sailesh Kolanu | Srinidhi Shetty | in Cinemas May 1st,Wall Poster Cinema,171000,236,19640356,415593
KFR1HPPJQgU,Best Friends Forever | Comedy | Dreamz Unlimited,Dreamz Unlimited,1060000,346,318680,34685
X6D2ybDj0wU,Popatlal ‡§¨‡§®‡§æ School Student | Taarak Mehta Ka Ooltah Chashmah | 24 Feb 2025,Sony PAL,45600000,31231,2710546,20262
gjNAjAOURU8,‡¥Ü‡¥ü‡¥ø‡¥™‡µç‡¥™‡¥æ‡¥ü‡¥ø ‡¥Æ‡¥π‡¥æ‡¥≤‡¥ï‡µç‡¥∑‡µç‡¥Æ‡¥ø‡¥Ø‡µÅ‡¥Ç ‡¥ï‡¥∞‡µÅ‡¥£‡¥Ø‡µÅ‡¥Ç!,Flowers TV,2340000,11313,141889,952
GOiT1lxmEdI,‡∞∂‡∞ø‡∞µ‡∞∞‡∞æ‡∞§‡±ç‡∞∞‡∞ø ‡∞™‡∞æ‡∞ü 2025...‡∞®‡∞≤‡±ç‡∞≤‡∞ó‡±ä‡∞Ç‡∞° ‡∞ó‡∞¶‡±ç‡∞¶‡∞∞‡±ç ..NEW SONG / RAVI KALYAN // MATLA THIRUPATHI // NALGONDA GADDAR,Nalgonda Gaddar Narsanna Official,583000,25,347337,14979
uuRNi-eC080,"MahaShivRatri 2025 ‚Äì Livestream with Sadhguru | 26 Feb, 6 PM - 27 Feb, 6 AM IST",Sadhguru,12400000,4042,5951995,127776
Iz_SocjjFU4,India vs England | Full Highlight |  International Masters League | Colors Cineplex,Colors Cineplex,1400000,3517,3464083,55791
HxjDgR8itZM,BLESSED | Gaurav Kapoor | Stand Up Comedy,Gaurav Kapoor,1490000,181,1123138,92803
1Sw7modBwsM,"MAD Square - Official Teaser | Narne Nithiin, Sangeeth Shobhan, Ram Nitin | Kalyan Shankar",Sithara Entertainments,835000,613,11608888,258284
W8x6Dwyj0-A,MANIAC (Official Video): YO YO HONEY SINGH | ESHA GUPTA | GLORY | BHUSHAN KUMAR,T-Series,287000000,22787,42846416,2329633
XhW3i2f54BQ,HIT 3 Teaser : Sarkaar's Laathi | Nani | Sailesh Kolanu | Srinidhi Shetty | in Cinemas May 1st,Wall Poster Cinema,171000,236,19661440,415793
KFR1HPPJQgU,Best Friends Forever | Comedy | Dreamz Unlimited,Dreamz Unlimited,1060000,346,324118,34796
X6D2ybDj0wU,Popatlal ‡§¨‡§®‡§æ School Student | Taarak Mehta Ka Ooltah Chashmah | 24 Feb 2025,Sony PAL,45600000,31231,2737759,20298
gjNAjAOURU8,‡¥Ü‡¥ü‡¥ø‡¥™‡µç‡¥™‡¥æ‡¥ü‡¥ø ‡¥Æ‡¥π‡¥æ‡¥≤‡¥ï‡µç‡¥∑‡µç‡¥Æ‡¥ø‡¥Ø‡µÅ‡¥Ç ‡¥ï‡¥∞‡µÅ‡¥£‡¥Ø‡µÅ‡¥Ç!,Flowers TV,2340000,11313,147254,958
GOiT1lxmEdI,‡∞∂‡∞ø‡∞µ‡∞∞‡∞æ‡∞§‡±ç‡∞∞‡∞ø ‡∞™‡∞æ‡∞ü 2025...‡∞®‡∞≤‡±ç‡∞≤‡∞ó‡±ä‡∞Ç‡∞° ‡∞ó‡∞¶‡±ç‡∞¶‡∞∞‡±ç ..NEW SONG / RAVI KALYAN // MATLA THIRUPATHI // NALGONDA GADDAR,Nalgonda Gaddar Narsanna Official,583000,25,351571,15029
uuRNi-eC080,"MahaShivRatri 2025 ‚Äì Livestream with Sadhguru | 26 Feb, 6 PM - 27 Feb, 6 AM IST",Sadhguru,12400000,4042,5974344,127901
Iz_SocjjFU4,India vs England | Full Highlight |  International Masters League | Colors Cineplex,Colors Cineplex,1400000,3519,3522037,56022
HxjDgR8itZM,BLESSED | Gaurav Kapoor | Stand Up Comedy,Gaurav Kapoor,1490000,181,1264045,97261
1Sw7modBwsM,"MAD Square - Official Teaser | Narne Nithiin, Sangeeth Shobhan, Ram Nitin | Kalyan Shankar",Sithara Entertainments,835000,613,11647876,258561
W8x6Dwyj0-A,MANIAC (Official Video): YO YO HONEY SINGH | ESHA GUPTA | GLORY | BHUSHAN KUMAR,T-Series,287000000,22787,43119156,2333742
KFR1HPPJQgU,Best Friends Forever | Comedy | Dreamz Unlimited,Dreamz Unlimited,1060000,346,330033,34872
XhW3i2f54BQ,HIT 3 Teaser : Sarkaar's Laathi | Nani | Sailesh Kolanu | Srinidhi Shetty | in Cinemas May 1st,Wall Poster Cinema,171000,236,19684835,415908
X6D2ybDj0wU,Popatlal ‡§¨‡§®‡§æ School Student | Taarak Mehta Ka Ooltah Chashmah | 24 Feb 2025,Sony PAL,45600000,31231,2758356,20332
gjNAjAOURU8,‡¥Ü‡¥ü‡¥ø‡¥™‡µç‡¥™‡¥æ‡¥ü‡¥ø ‡¥Æ‡¥π‡¥æ‡¥≤‡¥ï‡µç‡¥∑‡µç‡¥Æ‡¥ø‡¥Ø‡µÅ‡¥Ç ‡¥ï‡¥∞‡µÅ‡¥£‡¥Ø‡µÅ‡¥Ç!,Flowers TV,2340000,11313,152468,960
GOiT1lxmEdI,‡∞∂‡∞ø‡∞µ‡∞∞‡∞æ‡∞§‡±ç‡∞∞‡∞ø ‡∞™‡∞æ‡∞ü 2025...‡∞®‡∞≤‡±ç‡∞≤‡∞ó‡±ä‡∞Ç‡∞° ‡∞ó‡∞¶‡±ç‡∞¶‡∞∞‡±ç ..NEW SONG / RAVI KALYAN // MATLA THIRUPATHI // NALGONDA GADDAR,Nalgonda Gaddar Narsanna Official,583000,25,355775,15059
uuRNi-eC080,"MahaShivRatri 2025 ‚Äì Livestream with Sadhguru | 26 Feb, 6 PM - 27 Feb, 6 AM IST",Sadhguru,12400000,4042,5985100,127953
HxjDgR8itZM,BLESSED | Gaurav Kapoor | Stand Up Comedy,Gaurav Kapoor,1490000,181,1362742,99830
Iz_SocjjFU4,India vs England | Full Highlight |  International Masters League | Colors Cineplex,Colors Cineplex,1400000,3519,3552133,56136
1Sw7modBwsM,"MAD Square - Official Teaser | Narne Nithiin, Sangeeth Shobhan, Ram Nitin | Kalyan Shankar",Sithara Entertainments,835000,613,11667500,258714
W8x6Dwyj0-A,MANIAC (Official Video): YO YO HONEY SINGH | ESHA GUPTA | GLORY | BHUSHAN KUMAR,T-Series,287000000,22788,43265611,2335957
KFR1HPPJQgU,Best Friends Forever | Comedy | Dreamz Unlimited,Dreamz Unlimited,1060000,346,332631,34915
XhW3i2f54BQ,HIT 3 Teaser : Sarkaar's Laathi | Nani | Sailesh Kolanu | Srinidhi Shetty | in Cinemas May 1st,Wall Poster Cinema,171000,236,19696833,415957
X6D2ybDj0wU,Popatlal ‡§¨‡§®‡§æ School Student | Taarak Mehta Ka Ooltah Chashmah | 24 Feb 2025,Sony PAL,45600000,31231,2765967,20343
gjNAjAOURU8,‡¥Ü‡¥ü‡¥ø‡¥™‡µç‡¥™‡¥æ‡¥ü‡¥ø ‡¥Æ‡¥π‡¥æ‡¥≤‡¥ï‡µç‡¥∑‡µç‡¥Æ‡¥ø‡¥Ø‡µÅ‡¥Ç ‡¥ï‡¥∞‡µÅ‡¥£‡¥Ø‡µÅ‡¥Ç!,Flowers TV,2340000,11313,154878,961
GOiT1lxmEdI,‡∞∂‡∞ø‡∞µ‡∞∞‡∞æ‡∞§‡±ç‡∞∞‡∞ø ‡∞™‡∞æ‡∞ü 2025...‡∞®‡∞≤‡±ç‡∞≤‡∞ó‡±ä‡∞Ç‡∞° ‡∞ó‡∞¶‡±ç‡∞¶‡∞∞‡±ç ..NEW SONG / RAVI KALYAN // MATLA THIRUPATHI // NALGONDA GADDAR,Nalgonda Gaddar Narsanna Official,583000,25,357487,15078
uuRNi-eC080,"MahaShivRatri 2025 ‚Äì Livestream with Sadhguru | 26 Feb, 6 PM - 27 Feb, 6 AM IST",Sadhguru,12400000,4042,5992699,127999
HxjDgR8itZM,BLESSED | Gaurav Kapoor | Stand Up Comedy,Gaurav Kapoor,1490000,181,1432515,101532
Iz_SocjjFU4,India vs England | Full Highlight |  International Masters League | Colors Cineplex,Colors Cineplex,1400000,3519,3571914,56201
1Sw7modBwsM,"MAD Square - Official Teaser | Narne Nithiin, Sangeeth Shobhan, Ram Nitin | Kalyan Shankar",Sithara Entertainments,835000,613,11683640,258812
W8x6Dwyj0-A,MANIAC (Official Video): YO YO HONEY SINGH | ESHA GUPTA | GLORY | BHUSHAN KUMAR,T-Series,287000000,22788,43366137,2337258
KFR1HPPJQgU,Best Friends Forever | Comedy | Dreamz Unlimited,Dreamz Unlimited,1060000,346,334134,34936
XhW3i2f54BQ,HIT 3 Teaser : Sarkaar's Laathi | Nani | Sailesh Kolanu | Srinidhi Shetty | in Cinemas May 1st,Wall Poster Cinema,171000,236,19704248,415997
X6D2ybDj0wU,Popatlal ‡§¨‡§®‡§æ School Student | Taarak Mehta Ka Ooltah Chashmah | 24 Feb 2025,Sony PAL,45600000,31231,2770183,20349
gjNAjAOURU8,‡¥Ü‡¥ü‡¥ø‡¥™‡µç‡¥™‡¥æ‡¥ü‡¥ø ‡¥Æ‡¥π‡¥æ‡¥≤‡¥ï‡µç‡¥∑‡µç‡¥Æ‡¥ø‡¥Ø‡µÅ‡¥Ç ‡¥ï‡¥∞‡µÅ‡¥£‡¥Ø‡µÅ‡¥Ç!,Flowers TV,2340000,11313,156657,964
GOiT1lxmEdI,‡∞∂‡∞ø‡∞µ‡∞∞‡∞æ‡∞§‡±ç‡∞∞‡∞ø ‡∞™‡∞æ‡∞ü 2025...‡∞®‡∞≤‡±ç‡∞≤‡∞ó‡±ä‡∞Ç‡∞° ‡∞ó‡∞¶‡±ç‡∞¶‡∞∞‡±ç ..NEW SONG / RAVI KALYAN // MATLA THIRUPATHI // NALGONDA GADDAR,Nalgonda Gaddar Narsanna Official,583000,25,358483,15090
uuRNi-eC080,"MahaShivRatri 2025 ‚Äì Livestream with Sadhguru | 26 Feb, 6 PM - 27 Feb, 6 AM IST",Sadhguru,12400000,4042,5996314,128026
HxjDgR8itZM,BLESSED | Gaurav Kapoor | Stand Up Comedy,Gaurav Kapoor,1490000,181,1477866,102525
Iz_SocjjFU4,India vs England | Full Highlight |  International Masters League | Colors Cineplex,Colors Cineplex,1400000,3519,3581877,56241
1Sw7modBwsM,"MAD Square - Official Teaser | Narne Nithiin, Sangeeth Shobhan, Ram Nitin | Kalyan Shankar",Sithara Entertainments,835000,613,11691902,258887
W8x6Dwyj0-A,MANIAC (Official Video): YO YO HONEY SINGH | ESHA GUPTA | GLORY | BHUSHAN KUMAR,T-Series,287000000,22788,43426163,2338170
KFR1HPPJQgU,Best Friends Forever | Comedy | Dreamz Unlimited,Dreamz Unlimited,1060000,346,334965,34952
XhW3i2f54BQ,HIT 3 Teaser : Sarkaar's Laathi | Nani | Sailesh Kolanu | Srinidhi Shetty | in Cinemas May 1st,Wall Poster Cinema,171000,236,19708072,416024
X6D2ybDj0wU,Popatlal ‡§¨‡§®‡§æ School Student | Taarak Mehta Ka Ooltah Chashmah | 24 Feb 2025,Sony PAL,45600000,31231,2771950,20353
gjNAjAOURU8,‡¥Ü‡¥ü‡¥ø‡¥™‡µç‡¥™‡¥æ‡¥ü‡¥ø ‡¥Æ‡¥π‡¥æ‡¥≤‡¥ï‡µç‡¥∑‡µç‡¥Æ‡¥ø‡¥Ø‡µÅ‡¥Ç ‡¥ï‡¥∞‡µÅ‡¥£‡¥Ø‡µÅ‡¥Ç!,Flowers TV,2340000,11313,157692,966
GOiT1lxmEdI,‡∞∂‡∞ø‡∞µ‡∞∞‡∞æ‡∞§‡±ç‡∞∞‡∞ø ‡∞™‡∞æ‡∞ü 2025...‡∞®‡∞≤‡±ç‡∞≤‡∞ó‡±ä‡∞Ç‡∞° ‡∞ó‡∞¶‡±ç‡∞¶‡∞∞‡±ç ..NEW SONG / RAVI KALYAN // MATLA THIRUPATHI // NALGONDA GADDAR,Nalgonda Gaddar Narsanna Official,583000,25,359033,15108
uuRNi-eC080,"MahaShivRatri 2025 ‚Äì Livestream with Sadhguru | 26 Feb, 6 PM - 27 Feb, 6 AM IST",Sadhguru,12400000,4042,6000034,128120
HxjDgR8itZM,BLESSED | Gaurav Kapoor | Stand Up Comedy,Gaurav Kapoor,1490000,181,1512108,103943
Iz_SocjjFU4,India vs England | Full Highlight |  International Masters League | Colors Cineplex,Colors Cineplex,1400000,3519,3588297,56359
1Sw7modBwsM,"MAD Square - Official Teaser | Narne Nithiin, Sangeeth Shobhan, Ram Nitin | Kalyan Shankar",Sithara Entertainments,835000,613,11701731,259209
W8x6Dwyj0-A,MANIAC (Official Video): YO YO HONEY SINGH | ESHA GUPTA | GLORY | BHUSHAN KUMAR,T-Series,287000000,22788,43470030,2341142
KFR1HPPJQgU,Best Friends Forever | Comedy | Dreamz Unlimited,Dreamz Unlimited,1060000,346,335781,35048
XhW3i2f54BQ,HIT 3 Teaser : Sarkaar's Laathi | Nani | Sailesh Kolanu | Srinidhi Shetty | in Cinemas May 1st,Wall Poster Cinema,171000,236,19711356,416096
X6D2ybDj0wU,Popatlal ‡§¨‡§®‡§æ School Student | Taarak Mehta Ka Ooltah Chashmah | 24 Feb 2025,Sony PAL,45600000,31231,2773125,20370
gjNAjAOURU8,‡¥Ü‡¥ü‡¥ø‡¥™‡µç‡¥™‡¥æ‡¥ü‡¥ø ‡¥Æ‡¥π‡¥æ‡¥≤‡¥ï‡µç‡¥∑‡µç‡¥Æ‡¥ø‡¥Ø‡µÅ‡¥Ç ‡¥ï‡¥∞‡µÅ‡¥£‡¥Ø‡µÅ‡¥Ç!,Flowers TV,2340000,11313,158675,968
GOiT1lxmEdI,‡∞∂‡∞ø‡∞µ‡∞∞‡∞æ‡∞§‡±ç‡∞∞‡∞ø ‡∞™‡∞æ‡∞ü 2025...‡∞®‡∞≤‡±ç‡∞≤‡∞ó‡±ä‡∞Ç‡∞° ‡∞ó‡∞¶‡±ç‡∞¶‡∞∞‡±ç ..NEW SONG / RAVI KALYAN // MATLA THIRUPATHI // NALGONDA GADDAR,Nalgonda Gaddar Narsanna Official,584000,25,359522,15272
